TIPO,NOMBRE,SECTOR,CODCUE,CUENCA,CODSCUE,SUBCUENCA,CODMCUE,MICROCUENCA,VOLUMEN,OBSERVACION,IDTABINV,CODHIDRO,OBJECTID,AMBIENTEHidrografia_CAguAREA
602,Canal El Virrey,URBANO,2120,Río Bogotá,212021,Salitre,21202107,Canal Río Negro,,,39,21202107002,1,11688.04500852
602,Canal Limitante del Norte,URBANO,2120,Río Bogotá,212021,Salitre,21202103,Río Arzobispo,,,51,21202103005,2,2017.41053573
602,Canal Marantá,URBANO,2120,Río Bogotá,212021,Salitre,21202102,Jaboque,,,56,21202102001,3,12454.06323993
606,Quebrada Zanjón del Ahorcado,URBANO,2120,Río Bogotá,212017,Río Soacha,21201700,ND,,,104,21201700009,4,1416.28679309
602,Canal Oriental de Fontibón,URBANO,2120,Río Bogotá,212020,Fucha,21202001,Canal Cundinamarca,,,60,21202001019,5,12257.48774556
602,Canal San Blas,URBANO,2120,Río Bogotá,212020,Fucha,21202003,Canal San Blas,,,70,21202003001,6,1775.76089074
602,Canal Sector El Apogeo,URBANO,2120,Río Bogotá,212006,Tunjuelo,21200601,Río Tunjuelo Bajo,,,78,21200601003,7,1147.66490065
603,Cantera Pozo Azul Inundada,URBANO,2120,Río Bogotá,212006,Tunjuelo,21200603,Directos Río Tunjuelo,,,314,21200603195,8,207154.76768457
603,Cantera Sanchez y Gonzalez Inundada,URBANO,2120,Río Bogotá,212006,Tunjuelo,21200603,Directos Río Tunjuelo,,,317,21200603194,9,205353.36040768
603,Lago Parque El Lago,URBANO,2120,Río Bogotá,212021,Salitre,21202101,Río Salitre,,,297,21202101012,10,58770.8250599
603,Lago Club Choquenza,URBANO,2120,Río Bogotá,212021,Salitre,21202108,Cordoba,,,290,21202108122,11,40035.3573955
602,Canal Aguas Residuales PTAR Salitre,URBANO,2120,Río Bogotá,212021,Salitre,21202101,Río Salitre,,,8,21202101002,12,23002.169037
601,Río San Francisco,URBANO,2120,Río Bogotá,212020,Fucha,21202009,Río San Francisco,,,453,21202009003,13,11908.29098212
602,Canal Albina,URBANO,2120,Río Bogotá,212020,Fucha,21202002,Río Fucha,,,9,21202002003,14,34869.91173452
602,Canal Bolivia,URBANO,2120,Río Bogotá,212021,Salitre,21202101,Río Salitre,,,15,21202101004,15,7576.00508647
602,Canal Calle 38 Sur,URBANO,2120,Río Bogotá,212020,Fucha,21202001,Canal Cundinamarca,,,23,21202001008,16,27449.60309989
602,Canal Comuneros,URBANO,2120,Río Bogotá,212020,Fucha,21202008,Quebrada Manzanares,,,30,21202008001,17,55374.07350893
602,Canal Torca,URBANO,2120,Río Bogotá,212022,Torca,21202203,Canal Torca,,,100,21202203001,18,76572.82206695
602,Canal El Cedro,URBANO,2120,Río Bogotá,212022,Torca,21202204,Quebrada Bosque de Pinos,,,37,21202204001,19,46460.64081424
602,Canal Cundinamarca Norte,URBANO,2120,Río Bogotá,212020,Fucha,21202001,Canal Cundinamarca,,,34,21202001001,20,203966.23544618
602,Canal Santa Isabel,URBANO,2120,Río Bogotá,212020,Fucha,21202001,Canal Cundinamarca,,,77,21202001005,21,16523.88505559
602,Canal Sucre,URBANO,2120,Río Bogotá,212021,Salitre,21202103,Río Arzobispo,,,81,21202103004,22,3985.83964933
603,Lago Club Los Lagartos 1,URBANO,2120,Río Bogotá,212021,Salitre,21202108,Cordoba,,,291,21202108118,23,263169.81928459
603,Lago Parque Simon Bolivar,URBANO,2120,Río Bogotá,212021,Salitre,21202101,Río Salitre,,,298,21202101011,24,136261.99980426
603,Lago Timiza,URBANO,2120,Río Bogotá,212006,Tunjuelo,21200601,Río Tunjuelo Bajo,,,299,21200601032,25,43212.81261853
602,Canal Alsacia,URBANO,2120,Río Bogotá,212020,Fucha,21202001,Canal Cundinamarca,,,10,21202001013,26,12291.06454612
602,Canal Américas,URBANO,2120,Río Bogotá,212020,Fucha,21202001,Canal Cundinamarca,,,11,21202001009,27,13991.92525689
602,Canal Cortijo,URBANO,2120,Río Bogotá,212021,Salitre,21202101,Río Salitre,,,33,21202101003,28,6013.80272711
602,Canal Boyaca,URBANO,2120,Río Bogotá,212020,Fucha,21202009,Río San Francisco,,,17,21202009088,29,34848.20633684
602,Canal Cafam,URBANO,2120,Río Bogotá,212021,Salitre,21202109,Juan Amarillo,,,22,21202109002,30,4364.89215595
602,Canal Carmelo,URBANO,2120,Río Bogotá,212021,Salitre,21202102,Jaboque,,,25,21202102004,31,4043.31268834
602,Canal Río Nuevo,URBANO,2120,Río Bogotá,212021,Salitre,21202101,Río Salitre,,,65,21202101007,32,1500.13674245
602,Canal Tintal III,URBANO,2120,Río Bogotá,212020,Fucha,21202001,Canal Cundinamarca,,,98,21202001006,33,37303.67556744
602,Canal Cordoba,URBANO,2120,Río Bogotá,212021,Salitre,21202108,Cordoba,,,32,21202108000,34,77328.28924793
602,Canal Los Angeles de Jaboque,URBANO,2120,Río Bogotá,212021,Salitre,21202102,Jaboque,,,52,21202102003,35,17481.92763825
602,Canal La Fragua,URBANO,2120,Río Bogotá,212006,Tunjuelo,21200601,Río Tunjuelo Bajo,,,48,21200601031,36,8931.84757384
602,Canal Pasadena,URBANO,2120,Río Bogotá,212021,Salitre,21202108,Cordoba,,,61,21202108104,37,3398.63947587
602,Canal San Carlos,URBANO,2120,Río Bogotá,212006,Tunjuelo,21200601,Río Tunjuelo Bajo,,,71,21200601024,38,11827.84256422
604,Humedal La Conejera,URBANO,2120,Río Bogotá,212022,Torca,21202202,Conejera,,,268,21202202003,39,567477.26898636
604,Humedal Jaboque,URBANO,2120,Río Bogotá,212021,Salitre,21202102,Jaboque,,,266,21202102000,40,1133271.41738935
604,Humedal Guaymaral,URBANO,2120,Río Bogotá,212022,Torca,21202201,Canal Guaymaral,,,265,21202201053,41,404723.26138874
604,Humedal Torca,URBANO,2120,Río Bogotá,212022,Torca,21202209,Humedal Torca,,,275,21202209027,42,246987.15726116
604,Humedal Juan Amarillo,URBANO,2120,Río Bogotá,212021,Salitre,21202109,Juan Amarillo,,,267,21202109004,43,1488013.36652329
604,Humedal Tibanica,URBANO,2120,Río Bogotá,212006,Tunjuelo,21200601,Río Tunjuelo Bajo,,,274,21200601038,44,177381.73461717
604,Humedal El Burro,URBANO,2120,Río Bogotá,212020,Fucha,21202001,Canal Cundinamarca,,,263,21202001016,45,151117.86988201
604,Humedal Capellania,URBANO,2120,Río Bogotá,212020,Fucha,21202001,Canal Cundinamarca,,,260,21202001027,46,209666.33276359
604,Humedal Cordoba,URBANO,2120,Río Bogotá,212021,Salitre,21202108,Cordoba,,,261,21202108123,47,268356.17631267
604,Humedal La Vaca,URBANO,2120,Río Bogotá,212020,Fucha,21202001,Canal Cundinamarca,,,270,21202001015,48,46462.46296478
604,Humedal Santa Maria del Lago,URBANO,2120,Río Bogotá,212021,Salitre,21202101,Río Salitre,,,273,21202101009,49,85013.60314459
602,Canal San Vicente I,URBANO,2120,Río Bogotá,212006,Tunjuelo,21200601,Río Tunjuelo Bajo,,,74,21200601027,50,4135.80394461
602,Canal Bonanza,URBANO,2120,Río Bogotá,212021,Salitre,21202101,Río Salitre,,,16,21202101006,51,2498.65907131
602,Canal Avenida Transversal de Suba,URBANO,2120,Río Bogotá,212021,Salitre,21202109,Juan Amarillo,,,14,21202109003,52,5480.22529327
604,Humedal de Techo,URBANO,2120,Río Bogotá,212020,Fucha,21202001,Canal Cundinamarca,,,262,21202001017,53,92554.7371273
602,Canal La Perseverancia,URBANO,2120,Río Bogotá,212021,Salitre,21202103,Río Arzobispo,,,50,21202103002,54,9831.24271866
602,Canal Central de Fontibón o San Antonio ,URBANO,2120,Río Bogotá,212020,Fucha,21202001,Canal Cundinamarca,,,69,21202001018,55,4834.55370273
602,Canal Hayuelos,URBANO,2120,Río Bogotá,212020,Fucha,21202001,Canal Cundinamarca,,,41,21202001021,56,3567.65192
602,Canal Ejido o Comuneros II,URBANO,2120,Río Bogotá,212020,Fucha,21202009,Río San Francisco,,,36,21202009002,57,3389.06464966
602,Canal Los Angeles de Castilla,URBANO,2120,Río Bogotá,212020,Fucha,21202001,Canal Cundinamarca,,,53,21202001011,58,4500.56949096
602,Canal Castilla,URBANO,2120,Río Bogotá,212020,Fucha,21202001,Canal Cundinamarca,,,26,21202001010,59,18495.40102851
603,Lago Club Campestre Guaymaral 3,URBANO,2120,Río Bogotá,212022,Torca,21202201,Canal Guaymaral,,,285,21202201046,60,6093.98962127
603,Lago Club Campestre Guaymaral 5,URBANO,2120,Río Bogotá,212022,Torca,21202201,Canal Guaymaral,,,287,21202201048,61,5357.87056012
603,Lago Club Campestre Guaymaral 6,URBANO,2120,Río Bogotá,212022,Torca,21202201,Canal Guaymaral,,,288,21202201049,62,33781.07360856
603,Lago del Country Club 1,URBANO,2120,Río Bogotá,212021,Salitre,21202108,Cordoba,,,295,21202108124,63,42268.55834088
603,Lago del Country Club 2,URBANO,2120,Río Bogotá,212021,Salitre,21202108,Cordoba,,,296,21202108125,64,18280.61450605
602,Canal Molinos,URBANO,2120,Río Bogotá,212021,Salitre,21202108,Cordoba,,,57,21202108001,65,65424.97783014
603,Lago Carmel Club 1,URBANO,2120,Río Bogotá,212021,Salitre,21202108,Cordoba,,,276,21202108126,66,3935.24361696
603,Lago Carmel Club 2,URBANO,2120,Río Bogotá,212021,Salitre,21202108,Cordoba,,,277,21202108127,67,7996.63209439
603,Lago Carmel Club 4,URBANO,2120,Río Bogotá,212021,Salitre,21202108,Cordoba,,,279,21202108129,68,2145.1090374
603,Lago Carmel Club 6,URBANO,2120,Río Bogotá,212021,Salitre,21202108,Cordoba,,,281,21202108131,69,2680.74921649
603,Lago Carmel Club 5,URBANO,2120,Río Bogotá,212021,Salitre,21202108,Cordoba,,,280,21202108130,70,2343.85263675
603,Lago Carmel Club 3,URBANO,2120,Río Bogotá,212021,Salitre,21202108,Cordoba,,,278,21202108128,71,2071.60666775
603,Lago Carmel Club 7,URBANO,2120,Río Bogotá,212021,Salitre,21202108,Cordoba,,,282,21202108132,72,1575.24087399
603,Lago Club Los Lagartos 2,URBANO,2120,Río Bogotá,212021,Salitre,21202108,Cordoba,,,292,21202108119,73,2109.78227908
603,Lago Club Los Lagartos 4,URBANO,2120,Río Bogotá,212021,Salitre,21202108,Cordoba,,,294,21202108121,74,2753.18852711
602,Canal La Estrella Sur,URBANO,2120,Río Bogotá,212006,Tunjuelo,21200603,Directos Río Tunjuelo,,,47,21200603031,75,677.60816923
602,Canal Brazo Norte Guaymaral,URBANO,2120,Río Bogotá,212022,Torca,21202201,Canal Guaymaral,,,20,21202201043,76,4733.59419797
602,Canal Los Laches,URBANO,2120,Río Bogotá,212020,Fucha,21202008,Quebrada Manzanares,,,54,21202008003,77,1586.58694102
603,Lago Club Campestre Guaymaral 1,URBANO,2120,Río Bogotá,212022,Torca,21202201,Canal Guaymaral,,,283,21202201044,78,3547.76403479
603,Lago Club Campestre Guaymaral 4,URBANO,2120,Río Bogotá,212022,Torca,21202201,Canal Guaymaral,,,286,21202201047,79,3279.84839874
603,Lago Club Campestre Guaymaral 2,URBANO,2120,Río Bogotá,212022,Torca,21202201,Canal Guaymaral,,,284,21202201045,80,1557.92930131
603,Lago Club Campestre Guaymaral 7,URBANO,2120,Río Bogotá,212022,Torca,21202201,Canal Guaymaral,,,289,21202201050,81,5981.2927064
601,Río Tunjuelo,URBANO,2120,Río Bogotá,212006,Tunjuelo,21200601,Río Tunjuelo Bajo,,,454,21200601001,82,634268.79975718
606,Quebrada Chiguaza,URBANO,2120,Río Bogotá,212006,Tunjuelo,21200612,Quebrada Chiguaza,,,343,21200612001,83,50254.53365236
603,Laguna Fucha,URBANO,2120,Río Bogotá,212020,Fucha,21202002,Río Fucha,,,312,21202002004,84,8283.94816484
606,Quebrada Zanjón de La Muralla,URBANO,2120,Río Bogotá,212017,Río Soacha,21201700,ND,,,443,21201700001,85,5072.09956677
603,Laguna Q. Trompetica,URBANO,2120,Río Bogotá,212006,Tunjuelo,21200602,Quebrada Limas,,,462,21200602088,86,3025.89608318
602,Canal La Estrella 1,URBANO,2120,Río Bogotá,212006,Tunjuelo,21200603,Directos Río Tunjuelo,,,45,21200603009,87,9349.05847312
606,Quebrada Santa Librada,URBANO,2120,Río Bogotá,212006,Tunjuelo,21200603,Directos Río Tunjuelo,,,423,21200603153,88,1509.96770035
603,Laguna Q. Palestina 1,URBANO,2120,Río Bogotá,212006,Tunjuelo,21200603,Directos Río Tunjuelo,,,459,21200603192,89,2123.45990964
602,Canal San Francisco,URBANO,2120,Río Bogotá,212020,Fucha,21202009,Río San Francisco,,,73,21202009001,90,150152.13778622
602,Canal La Estrella 2,URBANO,2120,Río Bogotá,212006,Tunjuelo,21200603,Directos Río Tunjuelo,,,46,21200603002,91,5722.09417487
602,Canal Río Bogotá Sector Aeropuerto,URBANO,2120,Río Bogotá,212021,Salitre,21202102,Jaboque,,,63,21202102005,92,25579.92424809
606,Quebrada Palestina o Resaca,URBANO,2120,Río Bogotá,212006,Tunjuelo,21200603,Directos Río Tunjuelo,,,398,21200603177,93,253.25615125
606,Quebrada Los Toches o Paseito,URBANO,2120,Río Bogotá,212006,Tunjuelo,21200612,Quebrada Chiguaza,,,387,21200612071,94,355.2279988
602,Canal Río Negro,URBANO,2120,Río Bogotá,212021,Salitre,21202107,Canal Río Negro,,,64,21202107001,95,32762.54737318
602,Canal Contador,URBANO,2120,Río Bogotá,212021,Salitre,21202108,Cordoba,,,31,21202108076,96,30574.69061485
602,Canal La Castellana,URBANO,2120,Río Bogotá,212021,Salitre,21202107,Canal Río Negro,,,43,21202107004,97,883.98891808
602,Canal del Norte,URBANO,2120,Río Bogotá,212021,Salitre,21202108,Cordoba,,,35,21202108077,98,19140.40290541
601,Río Fucha o San Cristobal,URBANO,2120,Río Bogotá,212020,Fucha,21202002,Río Fucha,,,451,21202002001,99,381701.93325388
603,Laguna Cerrito de Torca,URBANO,2120,Río Bogotá,212022,Torca,21202201,Canal Guaymaral,,,461,21202201060,100,2131.29951179
602,Canal Cataluña,URBANO,2120,Río Bogotá,212021,Salitre,21202103,Río Arzobispo,,,27,21202103006,101,1140.38865249
602,Canal Niza,URBANO,2120,Río Bogotá,212021,Salitre,21202108,Cordoba,,,59,21202108105,102,2778.31950421
603,Laguna H. Guaymaral 2,URBANO,2120,Río Bogotá,212022,Torca,21202201,Canal Guaymaral,,,318,21202201055,103,4242.21401099
602,Canal Río Seco,URBANO,2120,Río Bogotá,212020,Fucha,21202002,Río Fucha,,,66,21202002002,104,37599.13664538
602,Canal San Cristobal,URBANO,2120,Río Bogotá,212022,Torca,21202205,Quebrada San Cristobal,,,72,21202205001,105,5346.70808843
602,Canal San Vicente II Sector 1,URBANO,2120,Río Bogotá,212006,Tunjuelo,21200601,Río Tunjuelo Bajo,,,75,21200601029,106,7433.82274039
602,Canal Tintal II,URBANO,2120,Río Bogotá,212020,Fucha,21202001,Canal Cundinamarca,,,97,21202001007,107,25998.37148175
602,Canal Serrezuela,URBANO,2120,Río Bogotá,212022,Torca,21202206,Quebrada Serrezuela,,,80,21202206001,108,3734.15028581
603,Laguna Q. Palestina 2,URBANO,2120,Río Bogotá,212006,Tunjuelo,21200603,Directos Río Tunjuelo,,,460,21200603193,109,414.36364643
603,Laguna Tunjuelo 5,URBANO,2120,Río Bogotá,212006,Tunjuelo,21200601,Río Tunjuelo Bajo,,,467,21200601034,110,4238.35239296
603,Laguna Tunjuelo 6,URBANO,2120,Río Bogotá,212006,Tunjuelo,21200601,Río Tunjuelo Bajo,,,468,21200601035,111,5154.36862213
603,Laguna Tunjuelo 4,URBANO,2120,Río Bogotá,212006,Tunjuelo,21200601,Río Tunjuelo Bajo,,,466,21200601033,112,1445.5833031
603,Laguna Q. Carbonera,URBANO,2120,Río Bogotá,212006,Tunjuelo,21200601,Río Tunjuelo Bajo,,,456,21200601037,113,546.21645905
604,Humedal Salitre,URBANO,2120,Río Bogotá,212021,Salitre,21202101,Río Salitre,,,272,21202101010,114,14377.17429592
606,Quebrada El Espino o Santo Domingo,URBANO,2120,Río Bogotá,212006,Tunjuelo,21200601,Río Tunjuelo Bajo,,,359,21200601009,115,5608.07938787
606,Quebrada Santa Rita,URBANO,2120,Río Bogotá,212006,Tunjuelo,21200601,Río Tunjuelo Bajo,,,424,21200601005,116,4231.93994245
606,Quebrada Carbonera,URBANO,2120,Río Bogotá,212006,Tunjuelo,21200601,Río Tunjuelo Bajo,,,339,21200601015,117,2177.67520119
602,Canal Afidro,URBANO,2120,Río Bogotá,212022,Torca,21202202,Conejera,,,6,21202202002,118,150.7148762
606,Quebrada Tibanica,URBANO,2120,Río Bogotá,212004,Sector Salto - Soacha,21200400,ND,,,431,21200400001,119,60493.56828392
602,Canal Sector Horizontes Norte,URBANO,2120,Río Bogotá,212022,Torca,21202208,Quebrada Tibabita,,,79,21202208002,120,157.67915524
602,Canal San Vicente II Sector 2,URBANO,2120,Río Bogotá,212006,Tunjuelo,21200601,Río Tunjuelo Bajo,,,76,21200601030,121,1869.98056783
602,Canal Santa María del Lago,URBANO,2120,Río Bogotá,212021,Salitre,21202101,Río Salitre,,,472,21202101005,122,682.50003484
603,Lago Club Los Lagartos 3,URBANO,2120,Río Bogotá,212021,Salitre,21202108,Cordoba,,,293,21202108120,123,4982.16011954
602,Canal Jaboque,URBANO,2120,Río Bogotá,212021,Salitre,21202102,Jaboque,,,42,21202102002,124,30029.9992953
602,Canal Brazo Juan Amarillo,URBANO,2120,Río Bogotá,212021,Salitre,21202109,Juan Amarillo,,,19,21202109001,125,4716.14296111
604,Humedal Meandro del Say,URBANO,2120,Río Bogotá,212020,Fucha,21202001,Canal Cundinamarca,,SU17,271,21202001032,126,130604.17422661
604,Humedal La Isla,URBANO,2120,Río Bogotá,212006,Tunjuelo,21200601,Río Tunjuelo Bajo,,,269,21200601036,127,77524.98885172
604,Humedal El Tunjo,URBANO,2120,Río Bogotá,212006,Tunjuelo,21200601,Río Tunjuelo Bajo,,,264,21200601026,128,302418.60123382
602,Canal San Antonio,URBANO,2120,Río Bogotá,212022,Torca,21202207,Canal San Antonio,,,68,21202207001,129,3946.92406092
602,Canal La Isla,URBANO,2120,Río Bogotá,212020,Fucha,21202001,Canal Cundinamarca,,,49,21202001004,130,3655.02993164
602,Canal Tintal IV,URBANO,2120,Río Bogotá,212020,Fucha,21202001,Canal Cundinamarca,,,99,21202001003,131,8547.87429949
602,Drenaje C. Molinos,URBANO,2120,Río Bogotá,212021,Salitre,21202108,Cordoba,,,109,21202108002,132,1625.99187521
602,Canal Afluente Canal San Vicente I,URBANO,2120,Río Bogotá,212006,Tunjuelo,21200601,Río Tunjuelo Bajo,,,7,21200601028,133,909.90500932
602,Canal Av Esperanza,URBANO,2120,Río Bogotá,212020,Fucha,21202001,Canal Cundinamarca,,,13,21202001022,134,262.18653556
602,Canal Brazo Salitre,URBANO,2120,Río Bogotá,212021,Salitre,21202101,Río Salitre,,,21,21202101008,135,5140.30599043
602,Canal El Redil,URBANO,2120,Río Bogotá,212022,Torca,21202207,Canal San Antonio,,,38,21202207002,136,2236.72008442
602,Canal Magdalena,URBANO,2120,Río Bogotá,212020,Fucha,21202001,Canal Cundinamarca,,,55,21202001012,137,2530.2225618
602,Canal Zanjón de La Muralla,URBANO,2120,Río Bogotá,212017,Río Soacha,21201700,ND,,,101,21201700013,138,1284.17365442
602,Canal La Estrella,URBANO,2120,Río Bogotá,212006,Tunjuelo,21200603,Directos Río Tunjuelo,,,44,21200603001,139,308.75096752
602,Canal Complementario de Fontibón,URBANO,2120,Río Bogotá,212020,Fucha,21202001,Canal Cundinamarca,,,29,21202001020,140,1896.57420949
606,Quebrada La Salitrosa,URBANO,2120,Río Bogotá,212022,Torca,21202202,Conejera,,,374,21202202001,141,16101.2923395
602,Canal Canaima,URBANO,2120,Río Bogotá,212022,Torca,21202208,Quebrada Tibabita,,,471,21202208001,142,7026.65604842
601,Río Bogotá,RURAL,2120,Río Bogotá,212001,Río Alto Bogotá,21200100,ND,,,450,21200100001,143,9865531.65855087
603,Laguna H. Guaymaral 1,URBANO,2120,Río Bogotá,212022,Torca,21202201,Canal Guaymaral,,,319,21202201054,144,27471.58742116
603,Laguna La Turquesa,URBANO,2120,Río Bogotá,212006,Tunjuelo,21200603,Directos Río Tunjuelo,,,455,21200603191,145,18822.29239985
602,Canal Cundinamarca Sur,URBANO,2120,Río Bogotá,212020,Fucha,21202001,Canal Cundinamarca,,,62,21202001002,146,171567.06879232
603,Laguna de Pisca 1,RURAL DC,2120,Río Bogotá,212006,Tunjuelo,21200609,Río Curubital,,,,21200609477,147,780.21274629
601,Río Une,RURAL,3502,Río Guayuriba,350223,Río Caqueza,,ND,,,,,148,751634.24282456
603,Laguna Sector Q. de La Amistela,RURAL DC,2120,Río Bogotá,212006,Tunjuelo,21200608,Río Lechoso o Mugroso,,,,21200608480,149,5617.2524039
603,Laguna,RURAL,2120,Río Bogotá,212008,Río Teusacá,,ND,,,,,150,205.81221252
603,Laguna Sector Q. de Fucha,RURAL DC,2120,Río Bogotá,212006,Tunjuelo,21200610,Quebrada de Fucha,,,,21200610116,151,1026.97391058
603,Lago Club Los Arrayanes 1,RURAL DC,2120,Río Bogotá,212022,Torca,21202202,Conejera,,,,21202202005,152,8581.97081575
603,Lago Club Pueblo Viejo 11,RURAL,2120,Río Bogotá,212007,Sector Tibitoc - Soacha,,ND,,,,,153,6404.55630263
605,Embalse Chuza,RURAL,3503,Río Guatiquía,350301,Río Chuza - Embalse de Chuza,,ND,,Vol M3: 257000000 Area M2: 5117216,,,154,5117487.79467289
603,Laguna,RURAL,3502,Río Guayuriba,350223,Río Caqueza,,ND,,,,,155,18238.41205108
601,Río Piri Chiquito,RURAL,3504,Río Guacavía,,ND,,ND,,,,,156,670115.38669061
603,Laguna,RURAL,2120,Río Bogotá,212008,Río Teusacá,,ND,,,,,157,10847.15461105
601,Río Guajaray,RURAL,3504,Río Guacavía,,ND,,ND,, Area M2: 1291399,,,158,1291566.26148654
603,Laguna Fausto,RURAL,2120,Río Bogotá,212009,Embalse Tominé,,ND,,,,,159,73984.78608156
601,Río Nipore,RURAL,3504,Río Guacavía,,ND,,ND,,,,,160,620639.56829752
603,Laguna,RURAL,2120,Río Bogotá,212008,Río Teusacá,,ND,,,,,161,674.19625019
603,Lago Club El Rancho 8,RURAL,2120,Río Bogotá,212007,Sector Tibitoc - Soacha,,ND,,,,,162,3540.88354438
603,Laguna Colorada,RURAL,3503,Río Guatiquía,350301,Río Chuza - Embalse de Chuza,,ND,,,,,163,24275.8038088
603,Laguna del Pato,RURAL DC,2120,Río Bogotá,212006,Tunjuelo,21200609,Río Curubital,,,,21200609470,164,3393.90678986
603,Laguna 1 Sector Las Mercedes,RURAL DC,2120,Río Bogotá,212006,Tunjuelo,21200606,Interfluvios Río Chisaca,,,,21200606150,165,431.36440431
603,Laguna Sector Chisacá 3,RURAL DC,2120,Río Bogotá,212006,Tunjuelo,21200607,Río Chisacá,,,,21200607234,166,283.50417297
603,Laguna,RURAL,2120,Río Bogotá,212007,Sector Tibitoc - Soacha,,ND,,,,,167,221293.43080974
603,Laguna Sector Q. Corinto,RURAL DC,2120,Río Bogotá,212006,Tunjuelo,21200610,Quebrada de Fucha,,,,21200610114,168,802.81480258
603,Laguna,RURAL,2119,Río Sumapaz,211910,Río Cuja,,ND,,,,,169,779.35049233
603,Laguna,RURAL,3502,Río Guayuriba,350212,Quebrada Blanca,,ND,,,,,170,7832.8376156
603,Laguna Verde,RURAL,3506,Río Guavio,350606,Río Muchindote,,ND,,,,,171,22556.12142714
603,Laguna 2 Sector Q. Los Salitres,RURAL DC,2120,Río Bogotá,212006,Tunjuelo,21200609,Río Curubital,,,,21200609494,172,1966.45614433
603,Laguna,RURAL,2120,Río Bogotá,212008,Río Teusacá,,ND,,,,,173,320.97571119
601,Río Negro,RURAL,3506,Río Guavio,350611,Río Farallones,,ND,,,,,174,163422.69776675
603,Laguna sector del Rebosadero 1,RURAL DC,2120,Río Bogotá,212006,Tunjuelo,21200607,Río Chisacá,,,,21200607228,175,1007.48398682
603,Laguna,RURAL,2120,Río Bogotá,212008,Río Teusacá,,ND,,,,,176,849.93802631
603,Laguna 2 sector Chisacá,RURAL DC,2119,Río Sumapaz,212006,Río Tunjuelo,21200607,Río Chisacá,,,,21200607517,177,280.10424367
603,Laguna,RURAL,3502,Río Guayuriba,350227,Quebrada El Brasil,,ND,,,,,178,37033.38925747
603,Lago Club Los Arrayanes 9,RURAL DC,2120,Río Bogotá,212022,Torca,21202202,Conejera,,,,21202202013,179,20567.17314251
603,Laguna 9 Sector Olarte,RURAL DC,2120,Río Bogotá,212006,Tunjuelo,21200604,Río Tunjuelo Alto,,,,21200604292,180,558.19155777
603,Laguna,RURAL,2120,Río Bogotá,212008,Río Teusacá,,ND,,,,,181,389.25750893
603,Laguna 11 Sector Olarte,RURAL DC,2120,Río Bogotá,212006,Tunjuelo,21200604,Río Tunjuelo Alto,,,,21200604294,182,285.70705299
606,Quebrada Salinas,RURAL,3503,Río Guatiquía,,ND,,ND,, Area M2: 1134085,,,183,1134183.29721836
601,Río Guavio,RURAL,3506,Río Guavio,350601,Río Guavio Bajo,,ND,, Area M2: 5718782,,,184,5720436.42366876
603,Laguna La Bolsa,RURAL,3506,Río Guavio,350610,Río Chorrera,,ND,,,,,185,110094.70990422
603,Laguna Los Tunjos 1,RURAL DC,2120,Río Bogotá,212006,Tunjuelo,21200607,Río Chisacá,,,,21200607209,186,7303.95836681
603,Laguna 1 Sector Q. Piedra Gorda,RURAL DC,2120,Río Bogotá,212006,Tunjuelo,21200609,Río Curubital,,,,21200609502,187,4495.32573702
605,Embalse El Guavio,RURAL,3506,Río Guavio,350612,Río Murca,,ND,,Vol M3: 1043000000 Area M2: 18655001,,,188,18657133.0509051
603,Laguna,RURAL,3503,Río Guatiquía,350302,Río Chingaza,,ND,,,,,189,19044.11856498
603,Laguna Sector Chisacá 2,RURAL DC,2120,Río Bogotá,212006,Tunjuelo,21200607,Río Chisacá,,,,21200607232,190,2097.77531242
603,Laguna,RURAL,3502,Río Guayuriba,350230,Río Manzanares,,ND,,,,,191,8589.79087776
605,Embalse Aposentos,RURAL,2120,Río Bogotá,212008,Río Teusacá,,ND,800000,Vol M3: 800000,,,192,337194.67050925
603,Laguna,RURAL,2120,Río Bogotá,212008,Río Teusacá,,ND,,,,,193,567.63741666
603,Laguna 1 sector Chisacá,RURAL DC,2120,Río Bogotá,212006,Tunjuelo,21200607,Río Chisacá,,,,21200607516,194,273.66525923
603,Laguna Grande,RURAL,3502,Río Guayuriba,350222,Río Palmar,,ND,,,,,195,82175.00199301
603,Laguna 4 Sector Q. Waterloo,RURAL DC,2120,Río Bogotá,212006,Tunjuelo,21200607,Río Chisacá,,,,21200607512,196,532.77619872
603,Lago Club Los Buhos 1,RURAL DC,2120,Río Bogotá,212022,Torca,21202203,Canal Torca,,,,21202203002,197,11111.64964596
603,Laguna sector Pasquillita,RURAL DC,2120,Río Bogotá,212006,Tunjuelo,21200604,Río Tunjuelo Alto,,,,21200604271,198,240.99093711
603,Laguna 4 Sector Q. Carrizal o La Regadera,RURAL DC,2120,Río Bogotá,212006,Tunjuelo,21200609,Río Curubital,,,,21200609512,199,240.64931429
603,Laguna 7 Sector Olarte,RURAL DC,2120,Río Bogotá,212006,Tunjuelo,21200604,Río Tunjuelo Alto,,,,21200604290,200,776.29201421
603,Laguna,RURAL,3503,Río Guatiquía,,ND,,ND,,,,,201,2168.03299215
605,Embalse del Sisga,RURAL,2120,Río Bogotá,212010,Embalse Sisga,,ND,,Vol M3: 102000000 Area M2: 4706610,,,202,4706918.74042285
603,Laguna Bogotá 132,RURAL DC,2120,Río Bogotá,212022,Torca,21202201,Canal Guaymaral,,,,21202201057,203,1402.03209796
603,Laguna,RURAL,3506,Río Guavio,350611,Río Farallones,,ND,,,,,204,33523.36030555
603,Laguna Peña Azul,RURAL,3502,Río Guayuriba,350222,Río Palmar,,ND,,,,,205,84521.75697818
603,Lago Club Campestre Guaymaral 8,RURAL DC,2120,Río Bogotá,212022,Torca,21202201,Canal Guaymaral,,,,21202201051,206,2944.24353112
603,Laguna,RURAL,2120,Río Bogotá,212008,Río Teusacá,,ND,,,,,207,268.50678023
603,Laguna 1 Sector R. Curubital,RURAL DC,2120,Río Bogotá,212006,Tunjuelo,21200609,Río Curubital,,,,21200609495,208,202.36126187
603,Laguna 3 sector Chisacá,RURAL DC,2120,Río Bogotá,212006,Tunjuelo,21200607,Río Chisacá,,,,21200607518,209,239.88271479
603,Laguna 2 Sector Q. Piedra Gorda,RURAL DC,2120,Río Bogotá,212006,Tunjuelo,21200609,Río Curubital,,,,21200609503,210,2260.75869754
603,Pondaje Rivera 1,RURAL DC,2120,Río Bogotá,212020,Fucha,21202001,Canal Cundinamarca,,,,21202001033,211,10407.23103584
601,Río Piri,RURAL,3504,Río Guacavía,,ND,,ND,, Area M2: 5041711,,,212,5042326.5497868
603,Laguna Negra,RURAL,3503,Río Guatiquía,350302,Río Chingaza,,ND,,,,,213,48260.25038917
603,Laguna,RURAL,2120,Río Bogotá,212008,Río Teusacá,,ND,,,,,214,23190.91206116
603,Laguna,RURAL,2120,Río Bogotá,212008,Río Teusacá,,ND,,,,,215,2644.97372242
603,Laguna,RURAL,2120,Río Bogotá,212012,Sector Sisga - Tibitoc,,ND,,,,,216,464775.35780181
603,Laguna,RURAL,2120,Río Bogotá,212008,Río Teusacá,,ND,,,,,217,540.02621949
603,Laguna,RURAL,3502,Río Guayuriba,350211,Río Negro Parte Alta,,ND,,,,,218,5841.53655811
601,Río Guatiquia,RURAL,3503,Río Guatiquía,350303,Río Guatiquía,,ND,, Area M2: 27082030,,,219,27086885.6916032
603,Laguna Sector L. Larga 1,RURAL DC,2120,Río Bogotá,212006,Tunjuelo,21200607,Río Chisacá,,,,21200607218,220,2758.55499006
604,Humedal Neuta,RURAL,2120,Río Bogotá,212004,Sector Salto - Soacha,,ND,,CAR Acuerdo 37 de 2006,,,221,297662.70263482
601,Río Upin,RURAL,3503,Río Guatiquía,,ND,,ND,, Area M2: 2343462,,,222,2343688.37651505
603,Laguna Seca 1,RURAL DC,2120,Río Bogotá,212006,Tunjuelo,21200609,Río Curubital,,,,21200609491,223,1259.14431404
603,Laguna El Medio,RURAL,3503,Río Guatiquía,350303,Río Guatiquía,,ND,,,,,224,22572.50054768
603,Laguna,RURAL,2120,Río Bogotá,212008,Río Teusacá,,ND,,,,,225,424.8270486
603,Lago Club El Rancho 1,RURAL,2120,Río Bogotá,212007,Sector Tibitoc - Soacha,,ND,,,,,226,6469.46113333
607,Pantano Las Lechuzas,RURAL DC,2120,Río Bogotá,212006,Tunjuelo,21200606,Interfluvios Río Chisaca,,,,21200606157,227,4522.5004257
601,Río Las Blancas,RURAL,3502,Río Guayuriba,350231,Río Sardinata,,ND,,,,,228,443481.17189846
603,Laguna El Medio,RURAL,3503,Río Guatiquía,350303,Río Guatiquía,,ND,,,,,229,57696.5246547
603,Laguna 3 Sector Q. Waterloo,RURAL DC,2120,Río Bogotá,212006,Tunjuelo,21200607,Río Chisacá,,,,21200607511,230,245.13330163
603,Lago La Florida,RURAL,2120,Río Bogotá,212007,Sector Tibitoc - Soacha,,ND,,,,,231,279977.48475453
601,Río Negro,RURAL,3502,Río Guayuriba,350232,Río Negro y Directos,,ND,, Area M2: 2561585,,,232,2561613.96184958
603,Lago Club Los Arrayanes 5,RURAL DC,2120,Río Bogotá,212022,Torca,21202202,Conejera,,,,21202202009,233,1574.34476083
603,Laguna Sector Chisacá 1,RURAL DC,2120,Río Bogotá,212006,Tunjuelo,21200607,Río Chisacá,,,,21200607229,234,8934.03956644
603,Laguna 5 Sector Olarte,RURAL DC,2120,Río Bogotá,212006,Tunjuelo,21200604,Río Tunjuelo Alto,,,,21200604288,235,466.43494274
601,Río Carpatos,RURAL,3506,Río Guavio,350609,Río Sueva,,ND,,,,,236,279813.01172506
603,Laguna sector Q. de Romerales,RURAL DC,2120,Río Bogotá,212006,Tunjuelo,21200608,Río Lechoso o Mugroso,,,,21200608477,237,311.5472955
601,Río Los Caquezas,RURAL,3502,Río Guayuriba,350223,Río Chochal,,ND,,,,,238,115362.26190203
601,Río Sueva,RURAL,3506,Río Guavio,350609,Río Sueva,,ND,,,,,239,395943.60924185
603,Laguna 2 Sector Olarte,RURAL DC,2120,Río Bogotá,212006,Tunjuelo,21200604,Río Tunjuelo Alto,,,,21200604285,240,268.65028249
603,Lago Club Los Buhos 2,RURAL DC,2120,Río Bogotá,212022,Torca,21202203,Canal Torca,,,,21202203003,241,1604.30090333
603,Lago Club El Rancho 5,RURAL DC,2120,Río Bogotá,212022,Torca,21202203,Canal Torca,,,,21202203009,242,1204.7200119
603,Laguna 5 Sector R. Curubital,RURAL DC,2120,Río Bogotá,212006,Tunjuelo,21200609,Río Curubital,,,,21200609499,243,713.67680106
601,Río Cobre,RURAL,3502,Río Guayuriba,350243,Río Blanco y Directos,,ND,,,,,244,241779.46208741
603,Laguna Chocolate,RURAL,3502,Río Guayuriba,350223,Río Caqueza,,ND,,,,,245,23656.46414396
603,Laguna Bogotá 011,RURAL DC,2120,Río Bogotá,212022,Torca,21202202,Conejera,,,,21202202016,246,5859.07499501
603,Laguna 2 Sector Q. La Leona,RURAL DC,2120,Río Bogotá,212006,Tunjuelo,21200607,Río Chisacá,,,,21200607507,247,3636.87207838
603,Laguna,RURAL,3502,Río Guayuriba,350222,Río Palmar,,ND,,,,,248,309.79135437
603,Laguna Q. Trompeta 1,RURAL DC,2120,Río Bogotá,212006,Tunjuelo,21200603,Directos Río Tunjuelo,,,,21200603189,249,1116.2832836
603,Laguna,RURAL,2120,Río Bogotá,212008,Río Teusacá,,ND,,,,,250,819.01263786
606,Quebrada Colorada,RURAL,3503,Río Guatiquía,350310,Quebrada Colorada,,ND,,,,,251,136557.37213345
603,Laguna 17 Sector Olarte,RURAL DC,2120,Río Bogotá,212006,Tunjuelo,21200604,Río Tunjuelo Alto,,,,21200604300,252,920.46625983
603,Lago Club Campestre Guaymaral 9,RURAL DC,2120,Río Bogotá,212022,Torca,21202201,Canal Guaymaral,,,,21202201052,253,5332.43248214
603,Laguna 4 Sector La Regadera,RURAL DC,2120,Río Bogotá,212006,Tunjuelo,21200604,Río Tunjuelo Alto,,,,21200604280,254,205.93928789
603,Laguna,RURAL,2119,Río Sumapaz,211910,Río Cuja,,ND,,,,,255,341.52392633
603,Laguna,RURAL,2120,Río Bogotá,212005,Embalse del Muña,,ND,,,,,256,33452.69479589
603,Laguna sector Q. Hierba Mora,RURAL DC,2120,Río Bogotá,212020,Fucha,21202009,Río San Francisco,,,,21202009089,257,240.3421674
603,Laguna 1 Sector Q. Los Salitres,RURAL DC,2120,Río Bogotá,212006,Tunjuelo,21200609,Río Curubital,,,,21200609489,258,937.81696668
603,Laguna Seca,RURAL DC,2120,Río Bogotá,212006,Tunjuelo,21200609,Río Curubital,,,,21200609490,259,20731.93085111
605,Embalse Chisacá,RURAL DC,2120,Río Bogotá,212006,Tunjuelo,21200606,Interfluvios Río Chisaca,6700000,Vol M3: 6700000,,21200606158,260,499201.13465256
603,Laguna de Los Amarillos,RURAL DC,2120,Río Bogotá,212006,Tunjuelo,21200608,Río Lechoso o Mugroso,,,,21200608478,261,654.17094508
603,Laguna Brava,RURAL,3503,Río Guatiquía,350304,Quebrada La Virginia,,ND,,,,,262,24225.94584052
601,Río Lechoso o Mugroso,RURAL DC,2120,Río Bogotá,212006,Tunjuelo,21200608,Río Lechoso o Mugroso,,,,21200608001,263,87876.58448433
603,Lago Club El Rancho 4,RURAL,2120,Río Bogotá,212007,Sector Tibitoc - Soacha,,ND,,,,,264,4639.36836702
603,Laguna,RURAL,3503,Río Guatiquía,350303,Río Guatiquía,,ND,,,,,265,2499.3850422
604,Humedal Tierra Blanca,RURAL,2120,Río Bogotá,212004,Sector Salto - Soacha,,ND,,CAR Acuerdo 33 de 2006,,,266,154430.96075155
601,Río Palmar,RURAL,3502,Río Guayuriba,350222,Río Palmar,,ND,, Area M2: 1070884,,,267,1070886.55728058
603,Laguna,RURAL,3502,Río Guayuriba,350211,Río Negro Parte Alta,,ND,,,,,268,9155.81698993
603,Laguna,RURAL,2120,Río Bogotá,212007,Sector Tibitoc - Soacha,,ND,,,,,269,149366.10162597
603,Laguna de La Lajita 1,RURAL DC,2120,Río Bogotá,212006,Tunjuelo,21200607,Río Chisacá,,,,21200607204,270,8463.80351527
601,Río Humea,RURAL,3505,Río Humea,350508,Río Humea,,ND,, Area M2: 22402006,,,271,22407717.0030511
603,Laguna TVDH 154,RURAL DC,2120,Río Bogotá,212022,Torca,21202201,Canal Guaymaral,,,,21202201056,272,328.27650921
605,Embalse del Neusa,RURAL,2120,Río Bogotá,212013,Río Neusa,,ND,,Vol M3: 102000000 Area M2: 9281756,,,273,9281971.98980656
603,Laguna,RURAL,3503,Río Guatiquía,,ND,,ND,,,,,274,21273.5691067
603,Lago Club El Rancho 10,RURAL,2120,Río Bogotá,212007,Sector Tibitoc - Soacha,,ND,,,,,275,5396.52199233
601,Río Guacavia,RURAL,3504,Río Guacavía,,ND,,ND,, Area M2: 20449641,,,276,20453684.4112477
603,Laguna 2 Sector Q. Aguadulce,RURAL DC,2120,Río Bogotá,212006,Tunjuelo,21200610,Quebrada de Fucha,,,,21200610112,277,253.54974193
603,Laguna,RURAL,3503,Río Guatiquía,350306,Quebrada Blanca,,ND,,,,,278,7396.38104785
605,Embalse de Tomine,RURAL,2120,Río Bogotá,212009,Embalse Tominé,,ND,,Vol M3: 690000000 Area M2: 29962705,,,279,29963741.6491987
603,Laguna,RURAL,3503,Río Guatiquía,,ND,,ND,,,,,280,1746.56583248
606,Quebrada Sardinata,RURAL,3505,Río Humea,350501,Río Jagua,,ND,,,,,281,165583.91449818
603,Laguna de La Lajita 3,RURAL DC,2120,Río Bogotá,212006,Tunjuelo,21200607,Río Chisacá,,,,21200607206,282,2599.06217842
603,Laguna,RURAL,3506,Río Guavio,350611,Río Farallones,,ND,,,,,283,3944.93130479
603,Laguna 3 Sector Q. Carrizal o La Regadera,RURAL DC,2120,Río Bogotá,212006,Tunjuelo,21200609,Río Curubital,,,,21200609511,284,5230.2238548
603,Laguna sector Q. Las Ahorcas,RURAL DC,2120,Río Bogotá,212020,Fucha,21202009,Río San Francisco,,,,21202009090,285,208.62027704
601,Río Gacheta,RURAL,3506,Río Guavio,350610,Río Chorrera,,ND,,,,,286,868291.8088328
601,Río Guayuriba,RURAL,3502,Río Guayuriba,350201,Río Guayuriba y Directos,,ND,, Area M2: 30354167,,,287,30358844.5754019
603,Laguna,RURAL,2120,Río Bogotá,212008,Río Teusacá,,ND,,,,,288,442.749766
603,Laguna Bogotá 039,RURAL DC,2120,Río Bogotá,212022,Torca,21202202,Conejera,,,,21202202014,289,1062.95514167
601,Río Santa Rosa,RURAL,3502,Río Guayuriba,350228,Quebrada Santa Rosa,,ND,,,,,290,255026.95548825
603,Lago Club Pueblo Viejo 1,RURAL,2120,Río Bogotá,212007,Sector Tibitoc - Soacha,,ND,,,,,291,568.85485245
603,Laguna sector Q. Aguanica,RURAL DC,2120,Río Bogotá,212022,Torca,21202207,Canal San Antonio,,,,21202207005,292,657.7953618
603,Laguna,RURAL,2119,Río Sumapaz,211910,Río Cuja,,ND,,,,,293,341.74837013
603,Laguna Los Tunjos,RURAL DC,2120,Río Bogotá,212006,Tunjuelo,21200607,Río Chisacá,,,,21200607185,294,329552.86820825
603,Laguna,RURAL,2120,Río Bogotá,212008,Río Teusacá,,ND,,,,,295,261.06285323
603,Laguna 2 Sector Q. Carrizal o La Regadera,RURAL DC,2120,Río Bogotá,212006,Tunjuelo,21200609,Río Curubital,,,,21200609510,296,836.9181355
603,Laguna,RURAL,3503,Río Guatiquía,350306,Quebrada Blanca,,ND,,,,,297,2347.48283184
603,Laguna,RURAL,2120,Río Bogotá,212004,Sector Salto - Soacha,,ND,,,,,298,36109.94999158
607,Pantano,RURAL,2119,Río Sumapaz,211910,Río Cuja,,ND,,,,,299,249.31295166
603,Laguna sector Drenaje R. San Francisco 8,RURAL DC,2120,Río Bogotá,212020,Fucha,21202009,Río San Francisco,,,,21202009091,300,603.97573871
603,Laguna,RURAL,3503,Río Guatiquía,350303,Río Guatiquía,,ND,,,,,301,4368.71221601
603,Lago Peñon,RURAL,2120,Río Bogotá,212001,Río Bajo Bogotá,,ND,,,,,302,645888.41161621
603,Laguna Piedra Redonda,RURAL DC,2120,Río Bogotá,212020,Fucha,21202006,Río Palo Blanco,,,,21202006360,303,1360.87844397
603,Laguna 5 Sector Q. Cuevecitas,RURAL DC,2120,Río Bogotá,212006,Tunjuelo,21200606,Interfluvios Río Chisaca,,,,21200606156,304,327.17949417
603,Laguna,RURAL,2120,Río Bogotá,212014,Río Frío,,ND,,,,,305,39108.08162615
603,Laguna,RURAL,2120,Río Bogotá,212008,Río Teusacá,,ND,,,,,306,654.91699268
603,Laguna,RURAL,3502,Río Guayuriba,350223,Río Caqueza,,ND,,,,,307,1397.87192474
603,Lago Club Los Arrayanes 6,RURAL DC,2120,Río Bogotá,212022,Torca,21202202,Conejera,,,,21202202010,308,4850.95129256
603,Laguna 10 Sector Olarte,RURAL DC,2120,Río Bogotá,212006,Tunjuelo,21200604,Río Tunjuelo Alto,,,,21200604293,309,392.71213489
603,Lago Club El Rancho 6,RURAL,2120,Río Bogotá,212007,Sector Tibitoc - Soacha,,ND,,,,,310,5165.95310188
603,Laguna sector Los Tunjos 2,RURAL DC,2120,Río Bogotá,212006,Tunjuelo,21200607,Río Chisacá,,,,21200607200,311,2008.94353646
603,Laguna,RURAL,3503,Río Guatiquía,,ND,,ND,,,,,312,2170.10365307
601,Río Chisaca,RURAL DC,2120,Río Bogotá,212006,Tunjuelo,21200606,Interfluvios Río Chisaca,,,,21200606001,313,151382.10690145
603,Lago Club Pueblo Viejo 7,RURAL,2120,Río Bogotá,212007,Sector Tibitoc - Soacha,,ND,,,,,314,14364.90720952
603,Laguna,RURAL,2119,Río Sumapaz,211910,Río Cuja,,ND,,,,,315,980.53625072
603,Laguna La Esfondada,RURAL,3503,Río Guatiquía,350307,Río Santa Bárbara,,ND,,,,,316,67788.32662047
603,Laguna 7 Sector La Regadera,RURAL DC,2120,Río Bogotá,212006,Tunjuelo,21200604,Río Tunjuelo Alto,,,,21200604283,317,932.03595236
603,Laguna,RURAL,3503,Río Guatiquía,350302,Río Chingaza,,ND,,,,,318,6727.37107954
603,Laguna,RURAL,3503,Río Guatiquía,,ND,,ND,,,,,319,1279.44589964
603,Laguna de Pisca,RURAL DC,2120,Río Bogotá,212006,Tunjuelo,21200609,Río Curubital,,,,21200609476,320,6042.06378268
603,Laguna Pantano Grande 1,RURAL DC,2120,Río Bogotá,212006,Tunjuelo,21200609,Río Curubital,,,,21200609487,321,1117.5081433
603,Laguna,RURAL,3503,Río Guatiquía,350303,Río Guatiquía,,ND,,,,,322,25840.361527
603,Laguna de La Garza,RURAL DC,2120,Río Bogotá,212006,Tunjuelo,21200608,Río Lechoso o Mugroso,,,,21200608475,323,15754.78874086
603,Laguna,RURAL,3503,Río Guatiquía,350303,Río Guatiquía,,ND,,,,,324,19532.87773203
603,Laguna sector Q. Samaria,RURAL DC,2120,Río Bogotá,212006,Tunjuelo,21200604,Río Tunjuelo Alto,,,,21200604272,325,291.47542121
603,Laguna del Pato 1,RURAL DC,2120,Río Bogotá,212006,Tunjuelo,21200609,Río Curubital,,,,21200609471,326,354.43948427
603,Laguna,RURAL,3502,Río Guayuriba,212008,Río Teusacá,,ND,,,,,327,265.37673655
603,Lago Club El Rancho 3,RURAL DC,2120,Río Bogotá,212022,Torca,21202203,Canal Torca,,,,21202203007,328,1168.81609468
603,Laguna 1 Sector Olarte,RURAL DC,2120,Río Bogotá,212006,Tunjuelo,21200604,Río Tunjuelo Alto,,,,21200604284,329,567.98395295
603,Laguna,RURAL,3506,Río Guavio,350610,Río Chorrera,,ND,,,,,330,10251.67797541
603,Laguna,RURAL,3502,Río Guayuriba,350218,Río Pontezuela,,ND,,,,,331,1303.85362414
602,Canal Tibanica Bombeo,RURAL DC,2120,Río Bogotá,212006,Tunjuelo,21200601,Río Tunjuelo Bajo,,,,21200601002,332,15178.12916285
603,Laguna Pantano Grande 2,RURAL DC,2120,Río Bogotá,212006,Tunjuelo,21200609,Río Curubital,,,,21200609488,333,12435.12310923
603,Laguna de Bocagrande,RURAL,3502,Río Guayuriba,350218,Río Pontezuela,,ND,,,,,334,20374.80254617
603,Laguna 4 Sector R. Curubital,RURAL DC,2120,Río Bogotá,212006,Tunjuelo,21200609,Río Curubital,,,,21200609498,335,807.75799023
603,Laguna de La Lajita 4,RURAL DC,2120,Río Bogotá,212006,Tunjuelo,21200607,Río Chisacá,,,,21200607215,336,59764.65326786
601,Río Blanco,RURAL,3502,Río Guayuriba,350243,Río Blanco y Directos,,ND,,,,,337,167086.95543028
603,Laguna 1 Sector Santa Barbara,RURAL DC,2120,Río Bogotá,212006,Tunjuelo,21200604,Río Tunjuelo Alto,,,,21200604273,338,271.03096681
603,Lago Club Los Arrayanes 2,RURAL DC,2120,Río Bogotá,212022,Torca,21202202,Conejera,,,,21202202006,339,5096.30820545
603,Laguna,RURAL,3506,Río Guavio,350618,Río Rucio,,ND,,,,,340,39585.80546939
603,Laguna Chigaito,RURAL DC,2120,Río Bogotá,212006,Tunjuelo,21200607,Río Chisacá,,,,21200607504,341,4454.53608081
603,Laguna,RURAL,2120,Río Bogotá,212008,Río Teusacá,,ND,,,,,342,1678.26523857
603,Laguna,RURAL,3503,Río Guatiquía,350306,Quebrada Blanca,,ND,,,,,343,5122.1908791
603,Laguna 1 Sector Q. Waterloo,RURAL DC,2120,Río Bogotá,212006,Tunjuelo,21200607,Río Chisacá,,,,21200607509,344,314.91733627
603,Laguna 2 Sector La Regadera,RURAL DC,2120,Río Bogotá,212006,Tunjuelo,21200604,Río Tunjuelo Alto,,,,21200604278,345,951.71857446
602,Canal,RURAL,2120,Río Bogotá,212007,Sector Tibitoc - Soacha,,ND,,,,,346,668.69061053
603,Laguna,RURAL,3506,Río Guavio,350610,Río Chorrera,,ND,,,,,347,7973.02146952
603,Laguna,RURAL,2120,Río Bogotá,212008,Río Teusacá,,ND,,,,,348,3281.14751433
603,Laguna,RURAL,2120,Río Bogotá,212007,Sector Tibitoc - Soacha,,ND,,,,,349,26152.45541539
603,Laguna 3 Sector Q. Aguadulce,RURAL DC,2120,Río Bogotá,212006,Tunjuelo,21200610,Quebrada de Fucha,,,,21200610113,350,200.51563994
603,Lago Club El Rancho 9,RURAL,2120,Río Bogotá,212007,Sector Tibitoc - Soacha,,ND,,,,,351,4842.45385333
603,Lago Club El Rancho 6,RURAL DC,2120,Río Bogotá,212022,Torca,21202203,Canal Torca,,,,21202203010,352,1769.26905702
603,Laguna,RURAL,3502,Río Guayuriba,350217,Río Santa Rosa,,ND,,,,,353,3849.72705782
603,Laguna,RURAL,2119,Río Sumapaz,,ND,,ND,,,,,354,1901.28438241
603,Laguna,RURAL,3503,Río Guatiquía,350305,Río Guajaro,,ND,,,,,355,5847.97819132
603,Laguna,RURAL,2120,Río Bogotá,212008,Río Teusacá,,ND,,,,,356,480.56668734
603,Laguna,RURAL,2119,Río Sumapaz,211910,Río Cuja,,ND,,,,,357,216.02575005
603,Laguna sector Drenaje Q. Santa Ana 2,RURAL DC,2120,Río Bogotá,212020,Fucha,21202009,Río San Francisco,,,,21202009092,358,305.99537394
603,Laguna Negra,RURAL,3502,Río Guayuriba,350217,Río Santa Rosa,,ND,,,,,359,76600.91803106
601,Río Taquegrande,RURAL,3502,Río Guayuriba,350217,Río Santa Rosa,,ND,,,,,360,52990.82958632
603,Laguna,RURAL,3503,Río Guatiquía,350301,Río Chuza - Embalse de Chuza,,ND,,,,,361,15140.23983319
603,Laguna,RURAL,3506,Río Guavio,350616,Río Guavio,,ND,,,,,362,53.16022417
603,Laguna,RURAL,2120,Río Bogotá,212008,Río Teusacá,,ND,,,,,363,240.96015235
601,Río Panches (Chocho),RURAL,2119,Río Sumapaz,211911,Río Panches,,ND,, Area M2: 1234192,,,364,1234217.03130911
601,Río Sumapaz,RURAL,2119,Río Sumapaz,211903,Directos al Sumapaz Melgar - Nilo,,ND,, Area M2: 1161378,,,365,1161490.47376681
603,Lago Club El Rancho 3,RURAL,2120,Río Bogotá,212007,Sector Tibitoc - Soacha,,ND,,,,,366,5445.4800136
603,Laguna 12 Sector Olarte,RURAL DC,2120,Río Bogotá,212006,Tunjuelo,21200604,Río Tunjuelo Alto,,,,21200604295,367,219.01871851
601,Río Salinero,RURAL,3506,Río Guavio,350607,Río Salinero,,ND,,,,,368,73837.362117
603,Laguna,RURAL,2120,Río Bogotá,212009,Embalse Tominé,,ND,,,,,369,22965.13773311
603,Laguna,RURAL,3506,Río Guavio,350616,Río Guavio,,ND,,,,,370,48.03045064
603,Laguna,RURAL,3503,Río Guatiquía,,ND,,ND,,,,,371,1018.23695994
603,Laguna,RURAL,3506,Río Guavio,350610,Río Chorrera,,ND,,,,,372,7174.0359812
603,Laguna Verde,RURAL,2120,Río Bogotá,212013,Río Neusa,,ND,,,,,373,149452.75597818
601,Río Los Medios o Blanco,RURAL,3502,Río Guayuriba,350243,Río Blanco y Directos,,ND,,,,,374,735367.84838774
601,Río Sumapaz,RURAL,2119,Río Sumapaz,211903,Directos al Sumapaz Melgar - Nilo,,ND,,,,,375,29901.38403918
603,Laguna 1 Sector Q. Jaulas,RURAL DC,2120,Río Bogotá,212006,Tunjuelo,21200609,Río Curubital,,,,21200609469,376,1867.23315226
603,Lago Club Pueblo Viejo 5,RURAL,2120,Río Bogotá,212007,Sector Tibitoc - Soacha,,ND,,,,,377,153.52293739
603,Laguna 1 Sector Q. La Leona,RURAL DC,2120,Río Bogotá,212006,Tunjuelo,21200607,Río Chisacá,,,,21200607506,378,1125.86095538
603,Laguna Chigaito 1,RURAL DC,2120,Río Bogotá,212006,Tunjuelo,21200607,Río Chisacá,,,,21200607505,379,1491.50221161
603,Laguna,RURAL,2120,Río Bogotá,212008,Río Teusacá,,ND,,,,,380,281.94811989
603,Laguna 6 Sector La Regadera,RURAL DC,2120,Río Bogotá,212006,Tunjuelo,21200604,Río Tunjuelo Alto,,,,21200604282,381,713.02164296
603,Laguna 2 Sector Q. de Fucha,RURAL DC,2120,Río Bogotá,212006,Tunjuelo,21200610,Quebrada de Fucha,,,,21200610117,382,402.36935656
603,Laguna 6 Sector Olarte,RURAL DC,2120,Río Bogotá,212006,Tunjuelo,21200604,Río Tunjuelo Alto,,,,21200604289,383,496.16089409
603,Laguna,RURAL,3503,Río Guatiquía,350305,Río Guajaro,,ND,,,,,384,6681.13135339
603,Laguna,RURAL,2120,Río Bogotá,212008,Río Teusacá,,ND,,,,,385,50004.82152604
606,Quebrada Quisquiza,RURAL,3502,Río Guayuriba,350220,Quebrada Chisquiza,,ND,,,,,386,158159.89364083
603,Laguna,RURAL,2120,Río Bogotá,212008,Río Teusacá,,ND,,,,,387,2112.52358146
604,Humedal Tres Esquinas,RURAL,2120,Río Bogotá,212007,Sector Tibitoc - Soacha,,ND,,,,,388,724638.04518969
603,Pondaje Rivera 2,RURAL DC,2120,Río Bogotá,212020,Fucha,21202001,Canal Cundinamarca,,,,21202001034,389,7225.56747046
603,Lago Club Los Arrayanes 7,RURAL DC,2120,Río Bogotá,212022,Torca,21202202,Conejera,,,,21202202011,390,8044.39432142
604,Humedal del Yulo Ricaurte,RURAL,2120,Río Bogotá,212001,Río Bajo Bogotá,,ND,,,,,391,484802.71310904
603,Laguna,RURAL,2120,Río Bogotá,212009,Embalse Tominé,,ND,,,,,392,10520.10599778
603,Laguna Q. Novita,RURAL DC,2120,Río Bogotá,212022,Torca,21202201,Canal Guaymaral,,,,21202201059,393,1001.61925483
603,Laguna,RURAL,2120,Río Bogotá,212007,Sector Tibitoc - Soacha,,ND,,,,,394,48768.23464369
601,Río Ocoa,RURAL,3503,Río Guatiquía,,ND,,ND,, Area M2: 5711923,,,395,5712663.40231625
603,Laguna,RURAL,3503,Río Guatiquía,350306,Quebrada Blanca,,ND,,,,,396,4655.58925925
601,Río Gallo,RURAL,3502,Río Guayuriba,350224,Río Gallo,,ND,,,,,397,359846.025014
603,Laguna,RURAL,2120,Río Bogotá,212003,Río Medio Bogotá,,ND,,,,,398,187655.41049148
603,Laguna,RURAL,2120,Río Bogotá,212008,Río Teusacá,,ND,,,,,399,518.46237318
603,Laguna,RURAL,2120,Río Bogotá,212007,Sector Tibitoc - Soacha,,ND,,,,,400,650.70333566
603,Laguna Sector El Hato,RURAL DC,2120,Río Bogotá,212006,Tunjuelo,21200608,Río Lechoso o Mugroso,,,,21200608474,401,388.30399887
603,Laguna,RURAL,3503,Río Guatiquía,350303,Río Guatiquía,,ND,,,,,402,3958.36063443
603,Lago Club Pueblo Viejo 9,RURAL,2120,Río Bogotá,212007,Sector Tibitoc - Soacha,,ND,,,,,403,5923.78632319
603,Laguna,RURAL,2120,Río Bogotá,212008,Río Teusacá,,ND,,,,,404,780.8915353
606,Quebrada Borracheros,RURAL,3502,Río Guayuriba,350243,Río Blanco y Directos,,ND,,,,,405,62904.32619995
603,Laguna,RURAL,2120,Río Bogotá,212007,Sector Tibitoc - Soacha,,ND,,,,,406,5356.94016838
603,Laguna,RURAL,2120,Río Bogotá,212014,Río Frío,,ND,,,,,407,303089.59956521
602,Canal,RURAL,2120,Río Bogotá,212014,Río Frío,,ND,,,,,408,15556.77002505
603,Laguna 14 Sector Olarte,RURAL DC,2120,Río Bogotá,212006,Tunjuelo,21200604,Río Tunjuelo Alto,,,,21200604297,409,310.1307782
603,Laguna 6 Sector Q. Piedra Gorda,RURAL DC,2120,Río Bogotá,212006,Tunjuelo,21200609,Río Curubital,,,,21200609507,410,408.62263897
603,Laguna,RURAL,3503,Río Guatiquía,,ND,,ND,,,,,411,2627.95212623
601,Río Curubital,RURAL DC,2120,Río Bogotá,212006,Tunjuelo,21200609,Río Curubital,,,,21200609001,412,129577.1882415
604,Humedal Terreros,RURAL,2120,Río Bogotá,212017,Río Soacha,,ND,,Delimitación no oficial,,,413,204038.11452159
603,Laguna,RURAL,2120,Río Bogotá,212008,Río Teusacá,,ND,,,,,414,303.6959223
603,Laguna 3 Sector R. Curubital,RURAL DC,2120,Río Bogotá,212006,Tunjuelo,21200609,Río Curubital,,,,21200609497,415,1260.75213001
603,Laguna,RURAL,3503,Río Guatiquía,350303,Río Guatiquía,,ND,,,,,416,3699.8195679
603,Laguna 1 Sector Q. Cuevecitas,RURAL DC,2120,Río Bogotá,212006,Tunjuelo,21200606,Interfluvios Río Chisaca,,,,21200606152,417,448.6572426
603,Laguna 2 Sector R. Chisacá,RURAL DC,2120,Río Bogotá,212006,Tunjuelo,21200607,Río Chisacá,,,,21200607515,418,242.0580193
603,Laguna,RURAL,3503,Río Guatiquía,350301,Río Chuza - Embalse de Chuza,,ND,,,,,419,17013.66101621
601,Río Chochal,RURAL,3502,Río Guayuriba,350223,Río Chochal,,ND,,,,,420,275540.13252041
601,Río Chuza,RURAL,3503,Río Guatiquía,350301,Río Chuza - Embalse de Chuza,,ND,,,,,421,60248.03630781
603,Lago Club Pueblo Viejo 12,RURAL,2120,Río Bogotá,212007,Sector Tibitoc - Soacha,,ND,,,,,422,3191.78641134
601,Río Negro,RURAL,2119,Río Sumapaz,211914,Río Negro,,ND,,,,,423,328257.43732408
603,Lago Club El Rancho 4,RURAL DC,2120,Río Bogotá,212022,Torca,21202203,Canal Torca,,,,21202203008,424,3750.73347747
603,Laguna Chingaza,RURAL,3503,Río Guatiquía,350303,Río Guatiquía,,ND,, Area M2: 1157374,,,425,1157420.71006122
603,Laguna,RURAL,3502,Río Guayuriba,350218,Río Pontezuela,,ND,,,,,426,552.6808998
601,Río Taquecito,RURAL,3502,Río Guayuriba,350217,Río Santa Rosa,,ND,,,,,427,49656.09068033
603,Laguna 3 Sector R. Chisacá,RURAL DC,2120,Río Bogotá,212006,Tunjuelo,21200607,Río Chisacá,,,,21200607519,428,828.26049813
605,Embalse del Muña,RURAL,2120,Río Bogotá,212005,Embalse del Muña,,ND,,Vol M3: 102700000 Area M2: 5964865,,,429,5964843.83820272
601,Río Taguate,RURAL,3502,Río Guayuriba,350243,Río Blanco y Directos,,ND,, Area M2: 2064507,,,430,2064517.00876266
603,Lago Club Los Buhos 4,RURAL DC,2120,Río Bogotá,212022,Torca,21202203,Canal Torca,,,,21202203005,431,645.67467064
603,Laguna sector Q. Laches,RURAL DC,2120,Río Bogotá,212020,Fucha,21202007,Quebrada Laches,,,,21202007024,432,228.81851436
603,Laguna 3 Sector Q. Piedra Gorda,RURAL DC,2120,Río Bogotá,212006,Tunjuelo,21200609,Río Curubital,,,,21200609504,433,703.36120312
603,Laguna 6 Sector R. Curubital,RURAL DC,2120,Río Bogotá,212006,Tunjuelo,21200609,Río Curubital,,,,21200609500,434,487.36279314
601,Río Chiquito,RURAL,3502,Río Guayuriba,350229,Río Chiquito,,ND,,,,,435,438030.25427772
603,Lago Club El Rancho 2,RURAL,2120,Río Bogotá,212007,Sector Tibitoc - Soacha,,ND,,,,,436,4042.44256958
603,Laguna,RURAL,3503,Río Guatiquía,350303,Río Guatiquía,,ND,,,,,437,15861.26418358
603,Laguna,RURAL,2120,Río Bogotá,212009,Embalse Tominé,,ND,,,,,438,23405.40285195
603,Laguna,RURAL,2120,Río Bogotá,212008,Río Teusacá,,ND,,,,,439,2261.00218813
603,Laguna,RURAL,3502,Río Guayuriba,350218,Río Pontezuela,,ND,,,,,440,5028.32423089
606,Quebrada Danta,RURAL,3504,Río Guacavía,,ND,,ND,,,,,441,106431.82116511
603,Laguna 3 Sector Olarte,RURAL DC,2120,Río Bogotá,212006,Tunjuelo,21200604,Río Tunjuelo Alto,,,,21200604286,442,212.43465133
603,Laguna 3 Sector Santa Barbara,RURAL DC,2120,Río Bogotá,212006,Tunjuelo,21200604,Río Tunjuelo Alto,,,,21200604275,443,348.95769055
603,Laguna 4 Sector Olarte,RURAL DC,2120,Río Bogotá,212006,Tunjuelo,21200604,Río Tunjuelo Alto,,,,21200604287,444,247.68400814
603,Laguna del Rebosadero,RURAL DC,2120,Río Bogotá,212006,Tunjuelo,21200607,Río Chisacá,,,,21200607183,445,34516.94103982
603,Laguna,RURAL,2120,Río Bogotá,212007,Sector Tibitoc - Soacha,,ND,,,,,446,382359.42550173
603,Laguna 5 Sector Q. Piedra Gorda,RURAL DC,2120,Río Bogotá,212006,Tunjuelo,21200609,Río Curubital,,,,21200609506,447,1494.6543569
602,Canal,RURAL,2120,Río Bogotá,212019,Río Chicú,,ND,,,,,448,3834.88738258
601,Río Manzanares,RURAL,3502,Río Guayuriba,350230,Río Manzanares,,ND,,,,,449,364988.23855568
603,Laguna,RURAL,2120,Río Bogotá,212008,Río Teusacá,,ND,,,,,450,539.14304651
601,Río Pozo,RURAL,3502,Río Guayuriba,350219,Río Pozo,,ND,,,,,451,24683.59285803
603,Laguna,RURAL,3502,Río Guayuriba,350218,Río Pontezuela,,ND,,,,,452,3624.03524039
603,Laguna,RURAL,3503,Río Guatiquía,350303,Río Guatiquía,,ND,,,,,453,6640.74735781
603,Laguna,RURAL,3502,Río Guayuriba,350211,Río Negro Parte Alta,,ND,,,,,454,8769.20753607
603,Laguna,RURAL,3502,Río Guayuriba,350218,Río Pontezuela,,ND,,,,,455,385.07758727
603,Laguna 16 Sector Olarte,RURAL DC,2120,Río Bogotá,212006,Tunjuelo,21200604,Río Tunjuelo Alto,,,,21200604299,456,647.32156192
603,Laguna,RURAL,3503,Río Guatiquía,350305,Río Guajaro,,ND,,,,,457,3279.81917165
603,Laguna,RURAL,3502,Río Guayuriba,350216,Quebrada Jaboncillo,,ND,,,,,458,9173.56307663
603,Laguna 3 Sector Q. Cuevecitas,RURAL DC,2120,Río Bogotá,212006,Tunjuelo,21200606,Interfluvios Río Chisaca,,,,21200606154,459,291.86397708
601,Río Gazamumo,RURAL,3505,Río Humea,350506,Río Gazamumo,,ND,, Area M2: 3362510,,,460,3363126.24601246
603,Lago Club El Rancho 7,RURAL,2120,Río Bogotá,212007,Sector Tibitoc - Soacha,,ND,,,,,461,6009.86744234
603,Laguna 7 Sector R. Curubital,RURAL DC,2120,Río Bogotá,212006,Tunjuelo,21200609,Río Curubital,,,,21200609501,462,374.56868264
603,Laguna,RURAL,3502,Río Guayuriba,350219,Río Blanco - Choachi,,ND,,,,,463,4949.45690397
603,Laguna,RURAL,3502,Río Guayuriba,350218,Río Pontezuela,,ND,,,,,464,1353.90878625
603,Lago Club Pueblo Viejo 3,RURAL,2120,Río Bogotá,212007,Sector Tibitoc - Soacha,,ND,,,,,465,397.56495758
603,Laguna,RURAL,2120,Río Bogotá,212007,Sector Tibitoc - Soacha,,ND,,,,,466,276.5684664
603,Laguna,RURAL,2120,Río Bogotá,212008,Río Teusacá,,ND,,,,,467,461.47938198
603,Laguna,RURAL,2120,Río Bogotá,212004,Sector Salto - Soacha,,ND,,,,,468,26960.88937976
606,Quebrada La Plata,RURAL,3502,Río Guayuriba,350223,Río Chochal,,ND,,,,,469,30621.0926499
603,Laguna Sector Q. La Quinta,RURAL DC,2120,Río Bogotá,212006,Tunjuelo,21200610,Quebrada de Fucha,,,,21200610115,470,215.07686699
603,Laguna Verde,RURAL,3503,Río Guatiquía,350301,Río Chuza - Embalse de Chuza,,ND,,,,,471,50483.68838414
603,Laguna,RURAL,3503,Río Guatiquía,350306,Quebrada Blanca,,ND,,,,,472,6141.00546794
603,Laguna,RURAL,2120,Río Bogotá,212008,Río Teusacá,,ND,,,,,473,500.62322848
603,Laguna 4 Sector Q. Cuevecitas,RURAL DC,2120,Río Bogotá,212006,Tunjuelo,21200606,Interfluvios Río Chisaca,,,,21200606155,474,1418.87378589
603,Laguna 2 Sector Q. Cuevecitas,RURAL DC,2120,Río Bogotá,212006,Tunjuelo,21200606,Interfluvios Río Chisaca,,,,21200606153,475,610.68396013
603,Laguna,RURAL,2120,Río Bogotá,212008,Río Teusacá,,ND,,,,,476,20777.1633645
606,Quebrada Moncovita,RURAL,3506,Río Guavio,350612,Río Murca,,ND,,,,,477,86356.10572003
603,Laguna,RURAL,2120,Río Bogotá,212008,Río Teusacá,,ND,,,,,478,1141.39059114
601,Río Guavio,RURAL,2119,Río Sumapaz,211910,Río Cuja,,ND,,,,,479,218538.04937597
603,Laguna 15 Sector Olarte,RURAL DC,2120,Río Bogotá,212006,Tunjuelo,21200604,Río Tunjuelo Alto,,,,21200604298,480,1066.15629377
603,Laguna Seca,RURAL,3503,Río Guatiquía,350301,Río Chuza - Embalse de Chuza,,ND,,,,,481,57085.15892878
603,Laguna,RURAL,3502,Río Guayuriba,350236,Quebrada de Chucua,,ND,,,,,482,8726.71688209
603,Laguna Siecha Mitov,RURAL,2120,Río Bogotá,212009,Embalse Tominé,,ND,,,,,483,58826.16565349
603,Laguna,RURAL,3503,Río Guatiquía,350303,Río Guatiquía,,ND,,,,,484,20830.12911153
603,Laguna sector Los Tunjos 1,RURAL DC,2120,Río Bogotá,212006,Tunjuelo,21200607,Río Chisacá,,,,21200607195,485,702.11871148
603,Laguna,RURAL,3502,Río Guayuriba,350223,Río Caqueza,,ND,,,,,486,9043.64717024
601,Río Chicú,RURAL,2120,Río Bogotá,212019,Río Chicú,,ND,,,,,487,42920.4468144
601,Río Susumuco,RURAL,3502,Río Guayuriba,350204,Quebrada Susumuco,,ND,,,,,488,229682.67720442
603,Laguna,RURAL,3506,Río Guavio,350616,Río Guavio,,ND,,,,,489,166.47696327
603,Laguna,RURAL,3503,Río Guatiquía,350306,Quebrada Blanca,,ND,,,,,490,6231.46381344
603,Lago Club Los Arrayanes 4,RURAL DC,2120,Río Bogotá,212022,Torca,21202202,Conejera,,,,21202202008,491,5195.3701009
603,Laguna del Rincon,RURAL DC,2120,Río Bogotá,212006,Tunjuelo,21200609,Río Curubital,,,,21200609485,492,39111.22540528
603,Laguna,RURAL,2119,Río Sumapaz,211910,Río Cuja,,ND,,,,,493,395.55011954
603,Laguna 4 Sector Q. Piedra Gorda,RURAL DC,2120,Río Bogotá,212006,Tunjuelo,21200609,Río Curubital,,,,21200609505,494,415.46414738
603,Laguna,RURAL,2120,Río Bogotá,212008,Río Teusacá,,ND,,,,,495,369.34334013
603,Laguna Larga,RURAL DC,3502,Río Guayuriba,212006,Río Tunjuelo,21200609,Río Curubital,,,,21200609472,496,29860.89891299
603,Laguna,RURAL,2120,Río Bogotá,212008,Río Teusacá,,ND,,,,,497,361.03989916
603,Laguna,RURAL,3503,Río Guatiquía,350306,Quebrada Blanca,,ND,,,,,498,981.41765734
603,Lago Club El Rancho 2,RURAL DC,2120,Río Bogotá,212022,Torca,21202203,Canal Torca,,,,21202203006,499,20363.11443055
603,Laguna 2 Q. El Baul o Puente Lajas,RURAL DC,2120,Río Bogotá,212006,Tunjuelo,21200604,Río Tunjuelo Alto,,,,21200604270,500,408.65998625
603,Laguna 1 Q. El Baul o Puente Lajas,RURAL DC,2120,Río Bogotá,212006,Tunjuelo,21200604,Río Tunjuelo Alto,,,,21200604269,501,964.64054636
603,Laguna,RURAL,3503,Río Guatiquía,350302,Río Chingaza,,ND,,,,,502,3937.75074544
603,Laguna,RURAL,3506,Río Guavio,350616,Río Guavio,,ND,,,,,503,266.15045984
603,Lago Club Pueblo Viejo 10,RURAL,2120,Río Bogotá,212007,Sector Tibitoc - Soacha,,ND,,,,,504,3799.46384226
603,Laguna,RURAL,3503,Río Guatiquía,350301,Río Chuza - Embalse de Chuza,,ND,,,,,505,7275.661158
603,Laguna del Salero,RURAL DC,2120,Río Bogotá,212006,Tunjuelo,21200608,Río Lechoso o Mugroso,,,,21200608479,506,322.46438894
603,Laguna Pantano Grande,RURAL DC,2120,Río Bogotá,212006,Tunjuelo,21200609,Río Curubital,,,,21200609486,507,22797.04440069
601,Río Gazatavena,RURAL,3505,Río Humea,350507,Río Gazatavena,,ND,, Area M2: 1195874,,,508,1196087.68059642
605,Embalse de San Rafael,RURAL,2120,Río Bogotá,212008,Río Teusacá,,ND,,Vol M3: 75000000 Area M2: 3359600,,,509,3359618.03725046
603,Laguna Bogotá 008,RURAL DC,2120,Río Bogotá,212022,Torca,21202202,Conejera,,,,21202202017,510,5344.56503306
603,Laguna 2 Sector Las Mercedes,RURAL DC,2120,Río Bogotá,212006,Tunjuelo,21200606,Interfluvios Río Chisaca,,,,21200606151,511,971.78478799
601,Río Salitre,RURAL,3502,Río Guayuriba,350224,Río Gallo,,ND,,,,,512,99721.83284495
603,Laguna,RURAL,2120,Río Bogotá,212008,Río Teusacá,,ND,,,,,513,277.10315088
601,Río Tabaco,RURAL,3502,Río Guayuriba,350218,Río Pontezuela,,ND,,,,,514,10621.80026212
603,Laguna 2 Sector Q. La Regadera,RURAL DC,2120,Río Bogotá,212006,Tunjuelo,21200609,Río Curubital,,,,21200609493,515,272.61332576
601,Río Rucio,RURAL,3506,Río Guavio,350618,Río Rucio,,ND,,,,,516,334848.08369439
601,Río Borrachero,RURAL,3504,Río Guacavía,,ND,,ND,, Area M2: 1593422,,,517,1593649.83437322
603,Laguna sector Q. Los Encenillos,RURAL DC,2120,Río Bogotá,212006,Tunjuelo,21200607,Río Chisacá,,,,21200607503,518,391.88821661
601,Río Caqueza,RURAL,3502,Río Guayuriba,350223,Río Caqueza,,ND,,,,,519,632074.236615
603,Lago Club Pueblo Viejo 8,RURAL,2120,Río Bogotá,212007,Sector Tibitoc - Soacha,,ND,,,,,520,1066.07593997
603,Laguna,RURAL,3502,Río Guayuriba,350223,Río Caqueza,,ND,,,,,521,4770.45906409
603,Laguna Sector Q. El Campamento,RURAL DC,2120,Río Bogotá,212006,Tunjuelo,21200607,Río Chisacá,,,,21200607508,522,628.39223779
603,Laguna,RURAL,3503,Río Guatiquía,,ND,,ND,,,,,523,9232.34330922
603,Laguna 2 Sector Santa Barbara,RURAL DC,2120,Río Bogotá,212006,Tunjuelo,21200604,Río Tunjuelo Alto,,,,21200604274,524,268.26499889
601,Río Gazaunta,RURAL,3505,Río Humea,350503,Río Gazaunta,,ND,, Area M2: 7950163,,,525,7951790.82756424
603,Laguna,RURAL,2119,Río Sumapaz,211910,Río Cuja,,ND,,,,,526,1111.54550732
603,Laguna,RURAL,3506,Río Guavio,350609,Río Sueva,,ND,,,,,527,6754.02634613
603,Laguna,RURAL,3502,Río Guayuriba,350218,Río Pontezuela,,ND,,,,,528,3305.81071558
603,Laguna El Verjón,RURAL,2120,Río Bogotá,212008,Río Teusacá,,ND,,,,,529,11260.75424218
603,Laguna,RURAL,2119,Río Sumapaz,211910,Río Cuja,,ND,,,,,530,264.91369892
601,Río Cuja,RURAL,2119,Río Sumapaz,211910,Río Cuja,,ND,,,,,531,811010.25385772
603,Laguna Sector Q. Peña del Guache,RURAL DC,2120,Río Bogotá,212006,Tunjuelo,21200608,Río Lechoso o Mugroso,,,,21200608481,532,1003.09474981
601,Río San Juan,RURAL,2119,Río Sumapaz,211902,Río San Juan,,ND,,,,,533,331472.19048806
603,Darsena Tibitoc,RURAL,2120,Río Bogotá,212012,Sector Sisga - Tibitoc,,ND,,,,,534,284936.2029737
601,Río San Martín,RURAL,3502,Río Guayuriba,350245,Quebrada San Martin,,ND,, Area M2: 1053230,,,535,1053233.40315943
603,Laguna 1 Sector Q. Carrizal o La Regadera,RURAL DC,2120,Río Bogotá,212006,Tunjuelo,21200609,Río Curubital,,,,21200609509,536,1992.96897388
603,Laguna 1 Sector Q. Boca Grande,RURAL DC,2120,Río Bogotá,212006,Tunjuelo,21200609,Río Curubital,,,,21200609473,537,16274.3815835
603,Laguna 8 Sector Olarte,RURAL DC,2120,Río Bogotá,212006,Tunjuelo,21200604,Río Tunjuelo Alto,,,,21200604291,538,264.09291748
603,Laguna Sector Q. Los Naranjos,RURAL DC,2120,Río Bogotá,212006,Tunjuelo,21200606,Interfluvios Río Chisaca,,,,21200606149,539,275.34005725
603,Laguna,RURAL,2119,Río Sumapaz,211910,Río Cuja,,ND,,,,,540,349.09900453
603,Laguna,RURAL,3502,Río Guayuriba,350222,Río Palmar,,ND,,,,,541,1122.29146121
603,Pondaje Navarra,RURAL DC,2120,Río Bogotá,212020,Fucha,21202001,Canal Cundinamarca,,,,21202001031,542,20223.15301704
603,Laguna,RURAL,3503,Río Guatiquía,350306,Quebrada Blanca,,ND,,,,,543,2880.02802121
603,Laguna,RURAL,3506,Río Guavio,350616,Río Guavio,,ND,,,,,544,100.17031819
601,Río Teusaca,RURAL,2120,Río Bogotá,212008,Río Teusacá,,ND,,,,,545,96499.42255132
603,Laguna,RURAL,3503,Río Guatiquía,350302,Río Chingaza,,ND,,,,,546,18433.95820906
603,Laguna Casablanca,RURAL,3502,Río Guayuriba,350217,Río Santa Rosa,,ND,,,,,547,67373.29945402
603,Laguna,RURAL,2120,Río Bogotá,212008,Río Teusacá,,ND,,,,,548,439.95091124
603,Lago Club Pueblo Viejo 6,RURAL,2120,Río Bogotá,212007,Sector Tibitoc - Soacha,,ND,,,,,549,7584.91583627
603,Laguna,RURAL,3502,Río Guayuriba,350218,Río Pontezuela,,ND,,,,,550,406.64306745
603,Laguna,RURAL,2120,Río Bogotá,212008,Río Teusacá,,ND,,,,,551,147.93540449
603,Laguna,RURAL,3502,Río Guayuriba,350217,Río Santa Rosa,,ND,,,,,552,129225.24521499
604,Humedal Puyana,RURAL,2120,Río Bogotá,212004,Sector Salto - Soacha,,ND,,,,,553,83653.60736902
603,Laguna,RURAL,3502,Río Guayuriba,350236,Quebrada de Chucua,,ND,,,,,554,8294.53898524
603,Lago Club Los Arrayanes 3,RURAL DC,2120,Río Bogotá,212022,Torca,21202202,Conejera,,,,21202202007,555,4216.03383306
603,Laguna,RURAL,2120,Río Bogotá,212008,Río Teusacá,,ND,,,,,556,627.59126428
603,Laguna,RURAL,3506,Río Guavio,350616,Río Guavio,,ND,,,,,557,112.20028314
603,Laguna,RURAL,3506,Río Guavio,350611,Río Farallones,,ND,,,,,558,5873.17686034
601,Río Sumapaz,RURAL,2119,Río Sumapaz,211913,Directos al Sumapaz Icononzo - Pandi,,ND,, Area M2: 1046091,,,559,1046135.72972764
603,Laguna,RURAL,2120,Río Bogotá,212008,Río Teusacá,,ND,,,,,560,211.82732361
603,Laguna,RURAL,3502,Río Guayuriba,350217,Río Santa Rosa,,ND,,,,,561,332.51981107
603,Laguna de La Lajita 2,RURAL DC,2120,Río Bogotá,212006,Tunjuelo,21200607,Río Chisacá,,,,21200607205,562,2136.87194121
603,Laguna San Juan,RURAL,3503,Río Guatiquía,350305,Río Guajaro,,ND,,,,,563,38852.0867871
603,Laguna 3 Sector La Regadera,RURAL DC,2120,Río Bogotá,212006,Tunjuelo,21200604,Río Tunjuelo Alto,,,,21200604279,564,6029.86281401
603,Laguna 1 Sector R. Chisacá,RURAL DC,2120,Río Bogotá,212006,Tunjuelo,21200607,Río Chisacá,,,,21200607514,565,2849.41100776
603,Laguna,RURAL,3502,Río Guayuriba,350219,Río Blanco - Choachi,,ND,,,,,566,4334.09991815
603,Laguna Sector L. Larga 2,RURAL DC,2120,Río Bogotá,212006,Tunjuelo,21200607,Río Chisacá,,,,21200607237,567,3958.40941712
603,Laguna Sector Los Arrayanes,RURAL DC,2120,Río Bogotá,212006,Tunjuelo,21200609,Río Curubital,,,,21200609468,568,290.44812039
601,Río Pagüey,RURAL,2119,Río Sumapaz,211912,Río Pagüey,,ND,, Area M2: 1321801,,,569,1321894.16167862
601,Río Blanco,RURAL,3502,Río Guayuriba,350219,Río Blanco - Choachi,,ND,,,,,570,866510.43451362
603,Laguna,RURAL,3502,Río Guayuriba,350221,Quebrada Potrero Grande,,ND,,,,,571,672.38790972
603,Laguna,RURAL,2120,Río Bogotá,212008,Río Teusacá,,ND,,,,,572,207.65609654
603,Laguna,RURAL,2120,Río Bogotá,212008,Río Teusacá,,ND,,,,,573,479.22923958
603,Laguna,RURAL,3506,Río Guavio,350616,Río Guavio,,ND,,,,,574,160.06087752
603,Laguna Negra,RURAL,3502,Río Guayuriba,350222,Río Palmar,,ND,,,,,575,3637.44679445
603,Laguna de Romerales,RURAL DC,2120,Río Bogotá,212006,Tunjuelo,21200608,Río Lechoso o Mugroso,,,,21200608476,576,427.4279135
601,Río Pontezuela,RURAL,3502,Río Guayuriba,350243,Río Blanco y Directos,,ND,,,,,577,101375.38494781
601,Río Sumapaz,RURAL,2119,Río Sumapaz,211904,Río Sumapaz (Alta),,ND,, Area M2: 1102559,,,578,1102558.3151017
604,Humedal del Guali,RURAL,2120,Río Bogotá,212007,Sector Tibitoc - Soacha,,ND,,,,,579,565298.61197644
603,Laguna,RURAL,2120,Río Bogotá,212008,Río Teusacá,,ND,,,,,580,128.37926046
603,Laguna,RURAL,2120,Río Bogotá,212008,Río Teusacá,,ND,,,,,581,365.44518734
603,Lago Club Pueblo Viejo 13,RURAL,2120,Río Bogotá,212007,Sector Tibitoc - Soacha,,ND,,,,,582,554.29143735
603,Laguna,RURAL,3503,Río Guatiquía,350305,Río Guajaro,,ND,,,,,583,39548.89508498
603,Lago Club Pueblo Viejo 2,RURAL,2120,Río Bogotá,212007,Sector Tibitoc - Soacha,,ND,,,,,584,393.12419279
603,Laguna,RURAL,2119,Río Sumapaz,211910,Río Cuja,,ND,,,,,585,22227.62757416
603,Laguna,RURAL,2119,Río Sumapaz,211910,Río Cuja,,ND,,,,,586,284.67141742
607,Pantano,RURAL,2119,Río Sumapaz,211910,Río Cuja,,ND,,,,,587,492.72281466
603,Laguna,RURAL,3506,Río Guavio,350611,Río Farallones,,ND,,,,,588,6201.0626892
607,Pantano Sector Pasquilla,RURAL DC,2120,Río Bogotá,212006,Tunjuelo,21200605,Quebrada Santander,,,,21200605117,589,14102.4482252
603,Laguna,RURAL,3506,Río Guavio,350609,Río Sueva,,ND,,,,,590,8303.43977116
603,Laguna 2 Sector Q. Waterloo,RURAL DC,2120,Río Bogotá,212006,Tunjuelo,21200607,Río Chisacá,,,,21200607510,591,331.8585754
603,Laguna,RURAL,3506,Río Guavio,350611,Río Farallones,,ND,,,,,592,21931.45227974
603,Lago Club Pueblo Viejo 4,RURAL,2120,Río Bogotá,212007,Sector Tibitoc - Soacha,,ND,,,,,593,1374.02131459
606,Quebrada Palmarito,RURAL,3502,Río Guayuriba,,ND,,ND,,,,,594,99132.70230087
603,Laguna,RURAL,3502,Río Guayuriba,350223,Río Caqueza,,ND,,,,,595,9769.05409496
603,Laguna 5 Sector La Regadera,RURAL DC,2120,Río Bogotá,212006,Tunjuelo,21200604,Río Tunjuelo Alto,,,,21200604281,596,3180.73610454
603,Laguna,RURAL,3502,Río Guayuriba,350217,Río Santa Rosa,,ND,,,,,597,444.36425476
603,Laguna,RURAL,2119,Río Sumapaz,211910,Río Cuja,,ND,,,,,598,319.27809791
602,Caño Blanco,RURAL,3505,Río Humea,350508,Río Humea,,ND,,,,,599,780529.75637556
603,Laguna 2 Sector Q. Boca Grande,RURAL DC,2120,Río Bogotá,212006,Tunjuelo,21200609,Río Curubital,,,,21200609474,600,5313.71045025
603,Laguna 5 Sector Q. Waterloo,RURAL DC,2120,Río Bogotá,212006,Tunjuelo,21200607,Río Chisacá,,,,21200607513,601,791.63599162
603,Laguna,RURAL,2120,Río Bogotá,212008,Río Teusacá,,ND,,,,,602,1684.75311364
603,Laguna,RURAL,2120,Río Bogotá,212008,Río Teusacá,,ND,,,,,603,351.01870772
603,Laguna,RURAL,3506,Río Guavio,350609,Río Sueva,,ND,,,,,604,7771.72871
603,Laguna,RURAL,3503,Río Guatiquía,350306,Quebrada Blanca,,ND,,,,,605,13812.88371606
603,Laguna,RURAL,3506,Río Guavio,350611,Río Farallones,,ND,,,,,606,7457.13834227
603,Laguna,RURAL,2120,Río Bogotá,212008,Río Teusacá,,ND,,,,,607,5332.09383326
601,Río Jagua,RURAL,3505,Río Humea,350501,Río Jagua,,ND,, Area M2: 1766642,,,608,1767045.79520359
601,Río Muchindote,RURAL,3506,Río Guavio,350606,Río Muchindote,,ND,,,,,609,644711.64880148
603,Laguna Sector Q. El Uval,RURAL DC,2120,Río Bogotá,212006,Tunjuelo,21200610,Quebrada de Fucha,,,,21200610110,610,170.84622008
601,Río Guajaraicito,RURAL,3504,Río Guacavía,,ND,,ND,, Area M2: 1180711,,,611,1180866.09704881
602,Canal,RURAL,2120,Río Bogotá,212007,Sector Tibitoc - Soacha,,ND,,,,,612,5658.03631993
603,Laguna,RURAL,2119,Río Sumapaz,211910,Río Cuja,,ND,,,,,613,286.03754233
602,Canal Sector Rural Conejera,RURAL DC,2120,Río Bogotá,212022,Torca,21202202,Conejera,,,,21202202018,614,946.46050079
601,Río Caney,RURAL,3503,Río Guatiquía,,ND,,ND,, Area M2: 2167345,,,615,2167553.69238387
603,Laguna Larga,RURAL DC,2120,Río Bogotá,212006,Tunjuelo,21200607,Río Chisacá,,,,21200607220,616,21762.5163339
603,Laguna 3 Sector Q. Boca Grande,RURAL DC,2120,Río Bogotá,212006,Tunjuelo,21200609,Río Curubital,,,,21200609475,617,5495.39009711
603,Laguna 4 Sector Q. Boca Grande,RURAL DC,2120,Río Bogotá,212006,Tunjuelo,21200609,Río Curubital,,,,21200609478,618,937.54867335
603,Laguna 1 Sector Q. La Regadera,RURAL DC,2120,Río Bogotá,212006,Tunjuelo,21200609,Río Curubital,,,,21200609492,619,395.94227174
603,Laguna,RURAL,2120,Río Bogotá,212008,Río Teusacá,,ND,,,,,620,278.23078412
603,Laguna 7 Sector Q. Piedra Gorda,RURAL DC,3502,Río Guayuriba,212006,Río Tunjuelo,21200609,Río Curubital,,,,21200609508,621,3118.7703693
603,Laguna,RURAL,2119,Río Sumapaz,211910,Río Cuja,,ND,,,,,622,417.00293131
603,Laguna,RURAL,3506,Río Guavio,350616,Río Guavio,,ND,,,,,623,52.54987954
603,Laguna 2 Sector R. Curubital,RURAL DC,2120,Río Bogotá,212006,Tunjuelo,21200609,Río Curubital,,,,21200609496,624,1033.65306241
603,Laguna sector Los Tunjos 3,RURAL DC,2120,Río Bogotá,212006,Tunjuelo,21200607,Río Chisacá,,,,21200607202,625,468.28483755
603,Laguna 13 Sector Olarte,RURAL DC,2120,Río Bogotá,212006,Tunjuelo,21200604,Río Tunjuelo Alto,,,,21200604296,626,633.4319618
603,Laguna San Juan,RURAL,3503,Río Guatiquía,350305,Río Guajaro,,ND,,,,,627,50045.2974185
603,Laguna,RURAL,3502,Río Guayuriba,350228,Quebrada Santa Rosa,,ND,,,,,628,10885.39039556
603,Laguna 1 Sector Q. Aguadulce,RURAL DC,2120,Río Bogotá,212006,Tunjuelo,21200610,Quebrada de Fucha,,,,21200610111,629,320.02769923
605,Embalse La Regadera,RURAL DC,2120,Río Bogotá,212006,Tunjuelo,21200604,Río Tunjuelo Alto,3300000,Vol M3: 3300000,,21200604276,630,275138.36353123
603,Laguna,RURAL,2120,Río Bogotá,212008,Río Teusacá,,ND,,,,,631,431.9830228
603,Laguna,RURAL,3506,Río Guavio,350609,Río Sueva,,ND,,,,,632,11821.63770769
603,Lago Club El Rancho 5,RURAL,2120,Río Bogotá,212007,Sector Tibitoc - Soacha,,ND,,,,,633,8563.7683007
601,Río Sardinata,RURAL,3502,Río Guayuriba,350231,Río Sardinata,,ND,,,,,634,866667.90131434
603,Lago Club Los Buhos 3,RURAL DC,2120,Río Bogotá,212022,Torca,21202203,Canal Torca,,,,21202203004,635,1379.4117714
601,Río Chorrera,RURAL,3506,Río Guavio,350610,Río Chorrera,,ND,,,,,636,436674.47232417
603,Laguna Q. Trompeta 2,RURAL DC,2120,Río Bogotá,212006,Tunjuelo,21200603,Directos Río Tunjuelo,,,,21200603190,637,587.62998755
603,Laguna,RURAL,3503,Río Guatiquía,350306,Quebrada Blanca,,ND,,,,,638,994.52318691
603,Laguna,RURAL,2120,Río Bogotá,212008,Río Teusacá,,ND,,,,,639,729.99720388
603,Laguna Sect. Aeropuerto,RURAL DC,2120,Río Bogotá,212020,Fucha,21202001,Canal Cundinamarca,,,,21202001028,640,7320.4348724
603,Laguna,RURAL,3506,Río Guavio,350604,Río Rucio Ubalá,,ND,,,,,641,11727.50132735
603,Laguna,RURAL,3502,Río Guayuriba,350218,Río Pontezuela,,ND,,,,,642,2479.68402683
606,Quebrada Negra,RURAL,3503,Río Guatiquía,350312,Quebrada Blanca - Quebrada Negra,,ND,,,,,643,211664.18887023
603,Laguna,RURAL,2120,Río Bogotá,212008,Río Teusacá,,ND,,,,,644,281.91503783
601,Río Moquentiva,RURAL,3506,Río Guavio,350607,Río Salinero,,ND,,,,,645,333702.39613918
603,Laguna Q. San Gil o la Horqueta,RURAL DC,2120,Río Bogotá,212006,Tunjuelo,21200604,Río Tunjuelo Alto,,,,21200604268,646,4769.8867824
601,Río Pilar,RURAL,2119,Río Sumapaz,211901,Río Pilar,,ND,,,,,647,253885.43208563
603,Laguna,RURAL,3506,Río Guavio,350609,Río Sueva,,ND,,,,,648,11598.05466386
603,Pondaje Cafam,URBANO,2120,Río Bogotá,212021,Salitre,21202109,Juan Amarillo,,,,21202109007,649,15643.96367508
603,Laguna 1 Sector La Regadera,RURAL DC,2120,Río Bogotá,212006,Tunjuelo,21200604,Río Tunjuelo Alto,,,,21200604277,650,565.15833358
603,Laguna Sector Aguas Claras,RURAL DC,2120,Río Bogotá,212020,Fucha,21202005,Quebrada Aguas Claras o La Pichosa,,,,21202005013,651,786.02244482
601,Río Santa Rosa,RURAL,3502,Río Guayuriba,350217,Río Santa Rosa,,ND,,,,,652,173961.21089145
603,Laguna Club PONAL,URBANO,2120,Río Bogotá,212021,Salitre,21202109,Juan Amarillo,,,,21202109005,653,13143.36664709
603,Pondaje Rivera 4,RURAL DC,2120,Río Bogotá,212020,Fucha,21202001,Canal Cundinamarca,,,,21202001036,654,3589.65722782
603,Pondaje Rivera 3,RURAL DC,2120,Río Bogotá,212020,Fucha,21202001,Canal Cundinamarca,,,,21202001035,655,5845.06001774
603,Pondaje La Magdalena,RURAL DC,2120,Río Bogotá,212020,Fucha,21202001,Canal Cundinamarca,,,,21202001014,656,118189.78684928
603,Pondaje La Alameda,RURAL DC,2120,Río Bogotá,212020,Fucha,21202001,Canal Cundinamarca,,,,21202001030,657,31881.85533778
603,Pondaje Fontanar,URBANO,2120,Río Bogotá,212021,Salitre,21202109,Juan Amarillo,,,,21202109006,658,5677.31703215
603,Pondaje La Isla 2,RURAL DC,2120,Río Bogotá,212006,Tunjuelo,21200601,Río Tunjuelo Bajo,,,,21200601040,659,12768.79076311
603,Pondaje La Isla 3,RURAL DC,2120,Río Bogotá,212006,Tunjuelo,21200601,Río Tunjuelo Bajo,,,,21200601041,660,29376.35602453
603,Pondaje La Isla 1,URBANO,2120,Río Bogotá,212006,Tunjuelo,21200601,Río Tunjuelo Bajo,,,,21200601039,661,12899.11272935
602,Canal Guaymaral,URBANO,2120,Río Bogotá,212022,Torca,21202201,Canal Guaymaral,,,40,21202201000,662,66640.23976954
601,Río Salitre,URBANO,2120,Río Bogotá,212021,Salitre,21202101,Río Salitre,,,452,21202101000,663,75317.77606324
602,Canal Salitre,URBANO,2120,Río Bogotá,212021,Salitre,21202101,Río Salitre,,,67,21202101001,664,258644.45417427
601,Río Arzobispo,URBANO,2120,Río Bogotá,212021,Salitre,21202103,Río Arzobispo,,,449,21202103001,665,8289.92068759
602,Canal Arzobispo,URBANO,2120,Río Bogotá,212021,Salitre,21202103,Río Arzobispo,,,12,21202103000,666,6734.22867997
602,Canal Callejas,URBANO,2120,Río Bogotá,212021,Salitre,21202108,Cordoba,,,24,21202108074,667,40828.19777274
603,Laguna Bogotá 017,RURAL DC,2120,Río Bogotá,212022,Torca,21202201,Canal Guaymaral,,,,21202201058,668,1402.03209796
603,Laguna Bogotá 040,RURAL DC,2120,Río Bogotá,212022,Torca,21202202,Conejera,,,,21202202015,669,1062.95514167
603,Lago Club Los Arrayanes 8,RURAL DC,2120,Río Bogotá,212022,Torca,21202202,Conejera,,,,21202202012,670,8044.39432142
604,Humedal Hyntiba,RURAL DC,2120,Río Bogotá,212020,Fucha,21202001,Canal Cundinamarca,,,,21202001029,671,286733.88860647
603,Lagunas de Bocagrande 1,RURAL DC,2120,Río Bogotá,212006,Tunjuelo,21200609,Río Curubital,,,,21200609479,672,39077.65598545
603,Lagunas de Bocagrande 6,RURAL DC,2120,Río Bogotá,212006,Tunjuelo,21200609,Río Curubital,,,,21200609484,673,39077.65598545
603,Lagunas de Bocagrande 2,RURAL DC,2120,Río Bogotá,212006,Tunjuelo,21200609,Río Curubital,,,,21200609480,674,39077.65598545
603,Lagunas de Bocagrande 4,RURAL DC,2120,Río Bogotá,212006,Tunjuelo,21200609,Río Curubital,,,,21200609482,675,39077.65598545
603,Lagunas de Bocagrande 5,RURAL DC,2120,Río Bogotá,212006,Tunjuelo,21200609,Río Curubital,,,,21200609483,676,39077.65598545
603,Lagunas de Bocagrande 3,RURAL DC,2120,Río Bogotá,212006,Tunjuelo,21200609,Río Curubital,,,,21200609481,677,39077.65598545
